secret_column,known_columns,num_known_columns,base_prec,base_recall,attack_prec,attack_recall,alc,base_count,attack_count,base_ci,base_ci_low,base_ci_high,base_n,attack_ci,attack_ci_low,attack_ci_high,attack_n
WGTP__discretized,"[""AGEP"", ""DEAR"", ""DENSITY"", ""DEYE"", ""DPHY"", ""DREM"", ""DVET"", ""EDU"", ""HISP"", ""HOUSING_TYPE"", ""INDP"", ""INDP_CAT"", ""MSP"", ""NOC"", ""NPF"", ""OWN_RENT"", ""PINCP"", ""PINCP_DECILE"", ""POVPIP"", ""PUMA"", ""PWGTP"", ""RAC1P"", ""SEX""]",23,0.8627450980392157,1.0,1.0,1.0,0.5685910250628516,51,51,0.18910590522524806,0.7427830774241833,0.9318889826494313,51,0.07004661989853167,0.9299533801014686,1.0000000000000002,51
SEX,"[""AGEP"", ""DEAR"", ""DENSITY"", ""DEYE"", ""DPHY"", ""DREM"", ""DVET"", ""EDU"", ""HISP"", ""HOUSING_TYPE"", ""INDP"", ""INDP_CAT"", ""MSP"", ""NOC"", ""NPF"", ""OWN_RENT"", ""PINCP"", ""PINCP_DECILE"", ""POVPIP"", ""PUMA"", ""PWGTP"", ""RAC1P"", ""WGTP""]",23,0.7450980392156863,1.0,1.0,1.0,0.6274313657770378,51,51,0.23322513681861456,0.6113171816155625,0.844542318434177,51,0.07004661989853167,0.9299533801014686,1.0000000000000002,51
RAC1P,"[""AGEP"", ""DEAR"", ""DENSITY"", ""DEYE"", ""DPHY"", ""DREM"", ""DVET"", ""EDU"", ""HISP"", ""HOUSING_TYPE"", ""INDP"", ""INDP_CAT"", ""MSP"", ""NOC"", ""NPF"", ""OWN_RENT"", ""PINCP"", ""PINCP_DECILE"", ""POVPIP"", ""PUMA"", ""PWGTP"", ""SEX"", ""WGTP""]",23,0.7843137254901961,1.0,1.0,1.0,0.6078199565114635,51,51,0.22132421177764672,0.6537364041400255,0.8750606159176723,51,0.07004661989853167,0.9299533801014686,1.0000000000000002,51
PWGTP__discretized,"[""AGEP"", ""DEAR"", ""DENSITY"", ""DEYE"", ""DPHY"", ""DREM"", ""DVET"", ""EDU"", ""HISP"", ""HOUSING_TYPE"", ""INDP"", ""INDP_CAT"", ""MSP"", ""NOC"", ""NPF"", ""OWN_RENT"", ""PINCP"", ""PINCP_DECILE"", ""POVPIP"", ""PUMA"", ""RAC1P"", ""SEX"", ""WGTP""]",23,0.7843137254901961,1.0,1.0,1.0,0.6078199565114635,51,51,0.22132421177764672,0.6537364041400255,0.8750606159176723,51,0.07004661989853167,0.9299533801014686,1.0000000000000002,51
PUMA,"[""AGEP"", ""DEAR"", ""DENSITY"", ""DEYE"", ""DPHY"", ""DREM"", ""DVET"", ""EDU"", ""HISP"", ""HOUSING_TYPE"", ""INDP"", ""INDP_CAT"", ""MSP"", ""NOC"", ""NPF"", ""OWN_RENT"", ""PINCP"", ""PINCP_DECILE"", ""POVPIP"", ""PWGTP"", ""RAC1P"", ""SEX"", ""WGTP""]",23,1.0,1.0,1.0,1.0,0.0,51,51,0.07004661989853167,0.9299533801014686,1.0000000000000002,51,0.07004661989853167,0.9299533801014686,1.0000000000000002,51
POVPIP,"[""AGEP"", ""DEAR"", ""DENSITY"", ""DEYE"", ""DPHY"", ""DREM"", ""DVET"", ""EDU"", ""HISP"", ""HOUSING_TYPE"", ""INDP"", ""INDP_CAT"", ""MSP"", ""NOC"", ""NPF"", ""OWN_RENT"", ""PINCP"", ""PINCP_DECILE"", ""PUMA"", ""PWGTP"", ""RAC1P"", ""SEX"", ""WGTP""]",23,0.47058823529411764,1.0,1.0,1.0,0.7646964380868884,51,51,0.26423705580403944,0.3405299020949959,0.6047669578990353,51,0.07004661989853167,0.9299533801014686,1.0000000000000002,51
PINCP_DECILE,"[""AGEP"", ""DEAR"", ""DENSITY"", ""DEYE"", ""DPHY"", ""DREM"", ""DVET"", ""EDU"", ""HISP"", ""HOUSING_TYPE"", ""INDP"", ""INDP_CAT"", ""MSP"", ""NOC"", ""NPF"", ""OWN_RENT"", ""PINCP"", ""POVPIP"", ""PUMA"", ""PWGTP"", ""RAC1P"", ""SEX"", ""WGTP""]",23,0.8431372549019608,1.0,1.0,1.0,0.5783994995809212,51,51,0.19841223552939058,0.7198955322701224,0.918307767799513,51,0.07004661989853167,0.9299533801014686,1.0000000000000002,51
PINCP,"[""AGEP"", ""DEAR"", ""DENSITY"", ""DEYE"", ""DPHY"", ""DREM"", ""DVET"", ""EDU"", ""HISP"", ""HOUSING_TYPE"", ""INDP"", ""INDP_CAT"", ""MSP"", ""NOC"", ""NPF"", ""OWN_RENT"", ""PINCP_DECILE"", ""POVPIP"", ""PUMA"", ""PWGTP"", ""RAC1P"", ""SEX"", ""WGTP""]",23,0.3333333333333333,1.0,1.0,1.0,0.8333258334458316,51,51,0.2506169028944068,0.21969931853588515,0.47031622143029195,51,0.07004661989853167,0.9299533801014686,1.0000000000000002,51
OWN_RENT,"[""AGEP"", ""DEAR"", ""DENSITY"", ""DEYE"", ""DPHY"", ""DREM"", ""DVET"", ""EDU"", ""HISP"", ""HOUSING_TYPE"", ""INDP"", ""INDP_CAT"", ""MSP"", ""NOC"", ""NPF"", ""PINCP"", ""PINCP_DECILE"", ""POVPIP"", ""PUMA"", ""PWGTP"", ""RAC1P"", ""SEX"", ""WGTP""]",23,0.8431372549019608,1.0,1.0,1.0,0.5783994995809212,51,51,0.19841223552939058,0.7198955322701224,0.918307767799513,51,0.07004661989853167,0.9299533801014686,1.0000000000000002,51
NPF,"[""AGEP"", ""DEAR"", ""DENSITY"", ""DEYE"", ""DPHY"", ""DREM"", ""DVET"", ""EDU"", ""HISP"", ""HOUSING_TYPE"", ""INDP"", ""INDP_CAT"", ""MSP"", ""NOC"", ""OWN_RENT"", ""PINCP"", ""PINCP_DECILE"", ""POVPIP"", ""PUMA"", ""PWGTP"", ""RAC1P"", ""SEX"", ""WGTP""]",23,0.6470588235294118,1.0,1.0,1.0,0.6764564219700049,51,51,0.25379453093973925,0.5098605845450522,0.7636551154847915,51,0.07004661989853167,0.9299533801014686,1.0000000000000002,51
NOC,"[""AGEP"", ""DEAR"", ""DENSITY"", ""DEYE"", ""DPHY"", ""DREM"", ""DVET"", ""EDU"", ""HISP"", ""HOUSING_TYPE"", ""INDP"", ""INDP_CAT"", ""MSP"", ""NPF"", ""OWN_RENT"", ""PINCP"", ""PINCP_DECILE"", ""POVPIP"", ""PUMA"", ""PWGTP"", ""RAC1P"", ""SEX"", ""WGTP""]",23,0.8627450980392157,1.0,1.0,1.0,0.5685910250628516,51,51,0.18910590522524806,0.7427830774241833,0.9318889826494313,51,0.07004661989853167,0.9299533801014686,1.0000000000000002,51
MSP,"[""AGEP"", ""DEAR"", ""DENSITY"", ""DEYE"", ""DPHY"", ""DREM"", ""DVET"", ""EDU"", ""HISP"", ""HOUSING_TYPE"", ""INDP"", ""INDP_CAT"", ""NOC"", ""NPF"", ""OWN_RENT"", ""PINCP"", ""PINCP_DECILE"", ""POVPIP"", ""PUMA"", ""PWGTP"", ""RAC1P"", ""SEX"", ""WGTP""]",23,0.8431372549019608,1.0,1.0,1.0,0.5783994995809212,51,51,0.19841223552939058,0.7198955322701224,0.918307767799513,51,0.07004661989853167,0.9299533801014686,1.0000000000000002,51
INDP_CAT,"[""AGEP"", ""DEAR"", ""DENSITY"", ""DEYE"", ""DPHY"", ""DREM"", ""DVET"", ""EDU"", ""HISP"", ""HOUSING_TYPE"", ""INDP"", ""MSP"", ""NOC"", ""NPF"", ""OWN_RENT"", ""PINCP"", ""PINCP_DECILE"", ""POVPIP"", ""PUMA"", ""PWGTP"", ""RAC1P"", ""SEX"", ""WGTP""]",23,0.8627450980392157,1.0,1.0,1.0,0.5685910250628516,51,51,0.18910590522524806,0.7427830774241833,0.9318889826494313,51,0.07004661989853167,0.9299533801014686,1.0000000000000002,51
INDP,"[""AGEP"", ""DEAR"", ""DENSITY"", ""DEYE"", ""DPHY"", ""DREM"", ""DVET"", ""EDU"", ""HISP"", ""HOUSING_TYPE"", ""INDP_CAT"", ""MSP"", ""NOC"", ""NPF"", ""OWN_RENT"", ""PINCP"", ""PINCP_DECILE"", ""POVPIP"", ""PUMA"", ""PWGTP"", ""RAC1P"", ""SEX"", ""WGTP""]",23,0.5294117647058824,1.0,1.0,1.0,0.7352834928728351,51,51,0.2642370558040395,0.3952330421009646,0.6594700979050041,51,0.07004661989853167,0.9299533801014686,1.0000000000000002,51
HOUSING_TYPE,"[""AGEP"", ""DEAR"", ""DENSITY"", ""DEYE"", ""DPHY"", ""DREM"", ""DVET"", ""EDU"", ""HISP"", ""INDP"", ""INDP_CAT"", ""MSP"", ""NOC"", ""NPF"", ""OWN_RENT"", ""PINCP"", ""PINCP_DECILE"", ""POVPIP"", ""PUMA"", ""PWGTP"", ""RAC1P"", ""SEX"", ""WGTP""]",23,1.0,1.0,1.0,1.0,0.0,51,51,0.07004661989853167,0.9299533801014686,1.0000000000000002,51,0.07004661989853167,0.9299533801014686,1.0000000000000002,51
HISP,"[""AGEP"", ""DEAR"", ""DENSITY"", ""DEYE"", ""DPHY"", ""DREM"", ""DVET"", ""EDU"", ""HOUSING_TYPE"", ""INDP"", ""INDP_CAT"", ""MSP"", ""NOC"", ""NPF"", ""OWN_RENT"", ""PINCP"", ""PINCP_DECILE"", ""POVPIP"", ""PUMA"", ""PWGTP"", ""RAC1P"", ""SEX"", ""WGTP""]",23,0.8627450980392157,1.0,1.0,1.0,0.5685910250628516,51,51,0.18910590522524806,0.7427830774241833,0.9318889826494313,51,0.07004661989853167,0.9299533801014686,1.0000000000000002,51
EDU,"[""AGEP"", ""DEAR"", ""DENSITY"", ""DEYE"", ""DPHY"", ""DREM"", ""DVET"", ""HISP"", ""HOUSING_TYPE"", ""INDP"", ""INDP_CAT"", ""MSP"", ""NOC"", ""NPF"", ""OWN_RENT"", ""PINCP"", ""PINCP_DECILE"", ""POVPIP"", ""PUMA"", ""PWGTP"", ""RAC1P"", ""SEX"", ""WGTP""]",23,0.43137254901960786,1.0,1.0,1.0,0.7843049325413823,51,51,0.26233461782788203,0.30501236107909546,0.5673469789069775,51,0.07004661989853167,0.9299533801014686,1.0000000000000002,51
DVET,"[""AGEP"", ""DEAR"", ""DENSITY"", ""DEYE"", ""DPHY"", ""DREM"", ""EDU"", ""HISP"", ""HOUSING_TYPE"", ""INDP"", ""INDP_CAT"", ""MSP"", ""NOC"", ""NPF"", ""OWN_RENT"", ""PINCP"", ""PINCP_DECILE"", ""POVPIP"", ""PUMA"", ""PWGTP"", ""RAC1P"", ""SEX"", ""WGTP""]",23,1.0,1.0,1.0,1.0,0.0,51,51,0.07004661989853167,0.9299533801014686,1.0000000000000002,51,0.07004661989853167,0.9299533801014686,1.0000000000000002,51
DREM,"[""AGEP"", ""DEAR"", ""DENSITY"", ""DEYE"", ""DPHY"", ""DVET"", ""EDU"", ""HISP"", ""HOUSING_TYPE"", ""INDP"", ""INDP_CAT"", ""MSP"", ""NOC"", ""NPF"", ""OWN_RENT"", ""PINCP"", ""PINCP_DECILE"", ""POVPIP"", ""PUMA"", ""PWGTP"", ""RAC1P"", ""SEX"", ""WGTP""]",23,0.9215686274509803,1.0,1.0,1.0,0.5391519444015982,51,51,0.15407726633746976,0.8150005368740411,0.9690778032115108,51,0.07004661989853167,0.9299533801014686,1.0000000000000002,51
DPHY,"[""AGEP"", ""DEAR"", ""DENSITY"", ""DEYE"", ""DREM"", ""DVET"", ""EDU"", ""HISP"", ""HOUSING_TYPE"", ""INDP"", ""INDP_CAT"", ""MSP"", ""NOC"", ""NPF"", ""OWN_RENT"", ""PINCP"", ""PINCP_DECILE"", ""POVPIP"", ""PUMA"", ""PWGTP"", ""RAC1P"", ""SEX"", ""WGTP""]",23,0.9019607843137255,1.0,1.0,1.0,0.5489686130446063,51,51,0.16717427370318994,0.7902176531891915,0.9573919268923814,51,0.07004661989853167,0.9299533801014686,1.0000000000000002,51
PINCP,"[""AGEP"", ""DEAR"", ""DENSITY"", ""DEYE"", ""HOUSING_TYPE"", ""INDP"", ""PWGTP""]",7,0.3333333333333333,0.9411764705882353,1.0,0.9411764705882353,0.8333255245044124,51,51,0.25783109599233445,0.21676780694818568,0.4745989029405201,48,0.07410012966611734,0.9258998703338824,0.9999999999999998,48
PINCP,"[""AGEP"", ""DEAR"", ""DENSITY"", ""DEYE"", ""HOUSING_TYPE"", ""INDP"", ""PWGTP""]",7,0.3137254901960784,1.0,1.0,1.0,0.8431299692938368,51,51,0.24699321065168894,0.2032767846552545,0.45026999530694345,51,0.07004661989853167,0.9299533801014686,1.0000000000000002,51
WGTP__discretized,"[""AGEP"", ""DEAR"", ""DENSITY"", ""DEYE"", ""NPF"", ""POVPIP"", ""PWGTP""]",7,0.92,0.9803921568627451,1.0,0.9803921568627451,0.5399374453103112,51,51,0.1568329550948353,0.8116175308165717,0.968450485911407,50,0.07134759913335886,0.9286524008666414,1.0000000000000002,50
WGTP__discretized,"[""AGEP"", ""DEAR"", ""DENSITY"", ""DEYE"", ""NPF"", ""POVPIP"", ""PWGTP""]",7,0.9215686274509803,1.0,1.0,1.0,0.5391519444015982,51,51,0.15407726633746976,0.8150005368740411,0.9690778032115108,51,0.07004661989853167,0.9299533801014686,1.0000000000000002,51
DEYE,"[""AGEP"", ""DEAR"", ""DENSITY"", ""DPHY"", ""DREM"", ""DVET"", ""EDU"", ""HISP"", ""HOUSING_TYPE"", ""INDP"", ""INDP_CAT"", ""MSP"", ""NOC"", ""NPF"", ""OWN_RENT"", ""PINCP"", ""PINCP_DECILE"", ""POVPIP"", ""PUMA"", ""PWGTP"", ""RAC1P"", ""SEX"", ""WGTP""]",23,0.9607843137254902,1.0,1.0,1.0,0.5194803756414654,51,51,0.12134197320075546,0.8678369434463774,0.9891789166471329,51,0.07004661989853167,0.9299533801014686,1.0000000000000002,51
RAC1P,"[""AGEP"", ""DEAR"", ""DENSITY"", ""DVET"", ""HISP"", ""NPF"", ""PWGTP""]",7,0.14583333333333334,0.9411764705882353,1.0,0.9411764705882353,0.9270771910146351,51,51,0.19918927198142572,0.0724824932660371,0.27167176524746284,48,0.07410012966611734,0.9258998703338824,0.9999999999999998,48
RAC1P,"[""AGEP"", ""DEAR"", ""DENSITY"", ""DVET"", ""HISP"", ""NPF"", ""PWGTP""]",7,0.14285714285714285,0.9607843137254902,1.0,0.9607843137254902,0.928565512385446,51,51,0.19571282503507648,0.0709642372040676,0.26667706223914406,49,0.07269781922049645,0.9273021807795035,1.0,49
RAC1P,"[""AGEP"", ""DEAR"", ""DENSITY"", ""DVET"", ""HISP"", ""NPF"", ""PWGTP""]",7,0.1568627450980392,1.0,0.9607843137254902,1.0,0.8786993160195122,51,51,0.19841223552939055,0.08169223220048707,0.2801044677298776,51,0.12134197320075546,0.8678369434463774,0.9891789166471329,51
MSP,"[""AGEP"", ""DEAR"", ""DENSITY"", ""INDP"", ""NOC"", ""PINCP"", ""WGTP""]",7,0.7551020408163265,0.9607843137254902,1.0,0.9607843137254902,0.6224283864306674,51,51,0.23483973729264185,0.6191368101239605,0.8539765474166023,49,0.07269781922049645,0.9273021807795035,1.0,49
MSP,"[""AGEP"", ""DEAR"", ""DENSITY"", ""INDP"", ""NOC"", ""PINCP"", ""WGTP""]",7,0.7254901960784313,1.0,1.0,1.0,0.6372366883385662,51,51,0.23832375526134197,0.5905334923922092,0.8288572476535512,51,0.07004661989853167,0.9299533801014686,1.0000000000000002,51
NOC,"[""AGEP"", ""DEAR"", ""DENSITY"", ""INDP"", ""PINCP"", ""PWGTP"", ""SEX""]",7,0.66,0.9803921568627451,1.0,0.9803921568627451,0.6699852782451159,51,51,0.2540922472726731,0.5215382605023261,0.7756305077749992,50,0.07134759913335886,0.9286524008666414,1.0000000000000002,50
NOC,"[""AGEP"", ""DEAR"", ""DENSITY"", ""INDP"", ""PINCP"", ""PWGTP"", ""SEX""]",7,0.6470588235294118,1.0,1.0,1.0,0.6764564219700049,51,51,0.25379453093973925,0.5098605845450522,0.7636551154847915,51,0.07004661989853167,0.9299533801014686,1.0000000000000002,51
NPF,"[""AGEP"", ""DEAR"", ""DENSITY"", ""INDP"", ""PINCP_DECILE"", ""PUMA"", ""PWGTP""]",7,0.32653061224489793,0.9607843137254902,1.0,0.9607843137254902,0.8367271813140259,51,51,0.25413297683617986,0.21207497001811862,0.46620794685429845,49,0.07269781922049645,0.9273021807795035,1.0,49
NPF,"[""AGEP"", ""DEAR"", ""DENSITY"", ""INDP"", ""PINCP_DECILE"", ""PUMA"", ""PWGTP""]",7,0.3137254901960784,1.0,0.9607843137254902,1.0,0.7949511139056176,51,51,0.24699321065168894,0.2032767846552545,0.45026999530694345,51,0.12134197320075546,0.8678369434463774,0.9891789166471329,51
EDU,"[""AGEP"", ""DEAR"", ""DENSITY"", ""MSP"", ""PWGTP"", ""SEX"", ""WGTP""]",7,0.43137254901960786,1.0,1.0,1.0,0.7843049325413823,51,51,0.26233461782788203,0.30501236107909546,0.5673469789069775,51,0.07004661989853167,0.9299533801014686,1.0000000000000002,51
DENSITY,"[""AGEP"", ""DEAR"", ""DEYE"", ""DPHY"", ""DREM"", ""DVET"", ""EDU"", ""HISP"", ""HOUSING_TYPE"", ""INDP"", ""INDP_CAT"", ""MSP"", ""NOC"", ""NPF"", ""OWN_RENT"", ""PINCP"", ""PINCP_DECILE"", ""POVPIP"", ""PUMA"", ""PWGTP"", ""RAC1P"", ""SEX"", ""WGTP""]",23,1.0,1.0,1.0,1.0,0.0,51,51,0.07004661989853167,0.9299533801014686,1.0000000000000002,51,0.07004661989853167,0.9299533801014686,1.0000000000000002,51
OWN_RENT,"[""AGEP"", ""DEAR"", ""DEYE"", ""DPHY"", ""HISP"", ""PWGTP"", ""WGTP""]",7,0.3877551020408163,0.9607843137254902,1.0,0.9607843137254902,0.8061141904399837,51,51,0.26324988844743885,0.26429011711735667,0.5275400055647955,49,0.07269781922049645,0.9273021807795035,1.0,49
OWN_RENT,"[""AGEP"", ""DEAR"", ""DEYE"", ""DPHY"", ""HISP"", ""PWGTP"", ""WGTP""]",7,0.39215686274509803,1.0,0.9607843137254902,1.0,0.7520479659914006,51,51,0.2588750003429186,0.270273409817598,0.5291484101605166,51,0.12134197320075546,0.8678369434463774,0.9891789166471329,51
EDU,"[""AGEP"", ""DEAR"", ""DEYE"", ""DREM"", ""PINCP"", ""RAC1P"", ""WGTP""]",7,0.32653061224489793,0.9607843137254902,1.0,0.9607843137254902,0.8367271813140259,51,51,0.25413297683617986,0.21207497001811862,0.46620794685429845,49,0.07269781922049645,0.9273021807795035,1.0,49
EDU,"[""AGEP"", ""DEAR"", ""DEYE"", ""DREM"", ""PINCP"", ""RAC1P"", ""WGTP""]",7,0.3333333333333333,1.0,1.0,1.0,0.8333258334458316,51,51,0.2506169028944068,0.21969931853588515,0.47031622143029195,51,0.07004661989853167,0.9299533801014686,1.0000000000000002,51
PINCP,"[""AGEP"", ""DEAR"", ""DEYE"", ""DVET"", ""EDU"", ""PINCP_DECILE"", ""PWGTP""]",7,0.4772727272727273,0.8627450980392157,1.0,0.8627450980392157,0.7613490554709986,51,51,0.28309543407127263,0.33754991032251097,0.6206453443937836,44,0.08029560375848066,0.9197043962415193,1.0,44
PINCP,"[""AGEP"", ""DEAR"", ""DEYE"", ""DVET"", ""EDU"", ""PINCP_DECILE"", ""PWGTP""]",7,0.4791666666666667,0.9411764705882353,1.0,0.9411764705882353,0.7604067188195853,51,51,0.27199451519705586,0.34471316176951616,0.616707676966572,48,0.07410012966611734,0.9258998703338824,0.9999999999999998,48
PINCP,"[""AGEP"", ""DEAR"", ""DEYE"", ""DVET"", ""EDU"", ""PINCP_DECILE"", ""PWGTP""]",7,0.46,0.9803921568627451,1.0,0.9803921568627451,0.7699907290261816,51,51,0.2663147640861818,0.3296965219222435,0.5960112860084253,50,0.07134759913335886,0.9286524008666414,1.0000000000000002,50
PINCP,"[""AGEP"", ""DEAR"", ""DEYE"", ""DVET"", ""EDU"", ""PINCP_DECILE"", ""PWGTP""]",7,0.47058823529411764,1.0,0.9803921568627451,1.0,0.7363743477873739,51,51,0.26423705580403944,0.3405299020949959,0.6047669578990353,51,0.09957599462038891,0.8969543127385502,0.9965303073589391,51
PINCP,"[""AGEP"", ""DEAR"", ""DEYE"", ""EDU"", ""NPF"", ""PINCP_DECILE"", ""PWGTP""]",7,0.5714285714285714,0.9607843137254902,1.0,0.9607843137254902,0.7142739347315361,51,51,0.26706187831101036,0.4327049309001736,0.699766809211184,49,0.07269781922049645,0.9273021807795035,1.0,49
PINCP,"[""AGEP"", ""DEAR"", ""DEYE"", ""EDU"", ""NPF"", ""PINCP_DECILE"", ""PWGTP""]",7,0.5490196078431373,1.0,1.0,1.0,0.7254791093677453,51,51,0.26347772900257166,0.41384708550368815,0.6773248145062598,51,0.07004661989853167,0.9299533801014686,1.0000000000000002,51
NOC,"[""AGEP"", ""DEAR"", ""DEYE"", ""INDP"", ""POVPIP"", ""PUMA"", ""PWGTP""]",7,0.62,0.9803921568627451,1.0,0.9803921568627451,0.6899868274860749,51,51,0.2598676375881343,0.4815044693099298,0.7413721068980641,50,0.07134759913335886,0.9286524008666414,1.0000000000000002,50
NOC,"[""AGEP"", ""DEAR"", ""DEYE"", ""INDP"", ""POVPIP"", ""PUMA"", ""PWGTP""]",7,0.6078431372549019,1.0,1.0,1.0,0.6960656816976657,51,51,0.25887500034291844,0.4708515898394834,0.7297265901824018,51,0.07004661989853167,0.9299533801014686,1.0000000000000002,51
INDP,"[""AGEP"", ""DEAR"", ""DPHY"", ""INDP_CAT"", ""PINCP"", ""POVPIP"", ""WGTP""]",7,0.58,0.9803921568627451,1.0,0.9803921568627451,0.7099880816026889,51,51,0.26391554876709783,0.44233441768578236,0.7062499664528802,50,0.07134759913335886,0.9286524008666414,1.0000000000000002,50
INDP,"[""AGEP"", ""DEAR"", ""DPHY"", ""INDP_CAT"", ""PINCP"", ""POVPIP"", ""WGTP""]",7,0.5686274509803921,1.0,1.0,1.0,0.715674683869405,51,51,0.2623346178278821,0.43265302109302245,0.6949876389209045,51,0.07004661989853167,0.9299533801014686,1.0000000000000002,51
DENSITY,"[""AGEP"", ""DEAR"", ""DREM"", ""INDP"", ""INDP_CAT"", ""NOC"", ""WGTP""]",7,0.3191489361702128,0.9215686274509803,1.0,0.9215686274509803,0.8404174387052225,51,51,0.2577196435346541,0.20395378749637438,0.4616734310310285,47,0.07555760416399637,0.9244423958360036,1.0,47
DENSITY,"[""AGEP"", ""DEAR"", ""DREM"", ""INDP"", ""INDP_CAT"", ""NOC"", ""WGTP""]",7,0.30612244897959184,0.9607843137254902,1.0,0.9607843137254902,0.8469314822534613,51,51,0.2501240229090408,0.19515491268006566,0.4452789355891064,49,0.07269781922049645,0.9273021807795035,1.0,49
DENSITY,"[""AGEP"", ""DEAR"", ""DREM"", ""INDP"", ""INDP_CAT"", ""NOC"", ""WGTP""]",7,0.3137254901960784,1.0,1.0,1.0,0.8431299692938368,51,51,0.24699321065168894,0.2032767846552545,0.45026999530694345,51,0.07004661989853167,0.9299533801014686,1.0000000000000002,51
POVPIP,"[""AGEP"", ""DEAR"", ""DREM"", ""INDP_CAT"", ""NOC"", ""PINCP"", ""PWGTP""]",7,0.72,0.9803921568627451,1.0,0.9803921568627451,0.6399821243563482,51,51,0.24190953030045337,0.5833487630404344,0.8252582933408877,50,0.07134759913335886,0.9286524008666414,1.0000000000000002,50
POVPIP,"[""AGEP"", ""DEAR"", ""DREM"", ""INDP_CAT"", ""NOC"", ""PINCP"", ""PWGTP""]",7,0.7254901960784313,1.0,1.0,1.0,0.6372366883385662,51,51,0.23832375526134197,0.5905334923922092,0.8288572476535512,51,0.07004661989853167,0.9299533801014686,1.0000000000000002,51
HOUSING_TYPE,"[""AGEP"", ""DEAR"", ""DREM"", ""MSP"", ""NOC"", ""PINCP"", ""WGTP""]",7,0.7,0.6666666666666666,1.0,0.6666666666666666,0.6498283784635804,15,15,0.4954305851325535,0.3967781474611453,0.8922087325936988,10,0.27753279986288926,0.7224672001371106,0.9999999999999999,10
HOUSING_TYPE,"[""AGEP"", ""DEAR"", ""DREM"", ""MSP"", ""NOC"", ""PINCP"", ""WGTP""]",7,0.6428571428571429,0.9333333333333333,1.0,0.9333333333333333,0.6785567654772833,15,15,0.44890845142538466,0.387644231039074,0.8365526824644587,14,0.21531080273763603,0.7846891972623642,1.0000000000000002,14
HOUSING_TYPE,"[""AGEP"", ""DEAR"", ""DREM"", ""MSP"", ""NOC"", ""PINCP"", ""WGTP""]",7,0.6666666666666666,1.0,1.0,1.0,0.6666516671166531,15,15,0.431101278217655,0.41713547738519774,0.8482367556028527,15,0.20388330103584884,0.7961166989641514,1.0000000000000002,15
RAC1P,"[""AGEP"", ""DEAR"", ""EDU"", ""INDP"", ""PINCP_DECILE"", ""POVPIP"", ""PWGTP""]",7,0.04081632653061224,0.9607843137254902,1.0,0.9607843137254902,0.9795865420065843,51,51,0.1258646896946149,0.011265633366185785,0.13713032306080067,49,0.07269781922049645,0.9273021807795035,1.0,49
RAC1P,"[""AGEP"", ""DEAR"", ""EDU"", ""INDP"", ""PINCP_DECILE"", ""POVPIP"", ""PWGTP""]",7,0.058823529411764705,1.0,1.0,1.0,0.9705829228505622,51,51,0.1390396210655396,0.020206639422464676,0.15924626048800428,51,0.07004661989853167,0.9299533801014686,1.0000000000000002,51
PUMA,"[""AGEP"", ""DEAR"", ""HOUSING_TYPE"", ""NOC"", ""PINCP_DECILE"", ""POVPIP"", ""PWGTP""]",7,0.4791666666666667,0.9411764705882353,1.0,0.9411764705882353,0.7604067188195853,51,51,0.27199451519705586,0.34471316176951616,0.616707676966572,48,0.07410012966611734,0.9258998703338824,0.9999999999999998,48
PUMA,"[""AGEP"", ""DEAR"", ""HOUSING_TYPE"", ""NOC"", ""PINCP_DECILE"", ""POVPIP"", ""PWGTP""]",7,0.46938775510204084,0.9607843137254902,1.0,0.9607843137254902,0.7652966005929096,51,51,0.26915632323162947,0.33703503693175146,0.6061913601633809,49,0.07269781922049645,0.9273021807795035,1.0,49
PUMA,"[""AGEP"", ""DEAR"", ""HOUSING_TYPE"", ""NOC"", ""PINCP_DECILE"", ""POVPIP"", ""PWGTP""]",7,0.45098039215686275,1.0,1.0,1.0,0.7745006969445885,51,51,0.2634777290025719,0.32267518549374014,0.586152914496312,51,0.07004661989853167,0.9299533801014686,1.0000000000000002,51
WGTP__discretized,"[""AGEP"", ""DEAR"", ""MSP"", ""NPF"", ""POVPIP"", ""PWGTP"", ""SEX""]",7,0.8163265306122449,0.9607843137254902,1.0,0.9607843137254902,0.5918092833755091,51,51,0.21381261540829555,0.6864239739710013,0.9002365893792968,49,0.07269781922049645,0.9273021807795035,1.0,49
WGTP__discretized,"[""AGEP"", ""DEAR"", ""MSP"", ""NPF"", ""POVPIP"", ""PWGTP"", ""SEX""]",7,0.8,0.9803921568627451,1.0,0.9803921568627451,0.599974975410851,51,51,0.21793355916449308,0.6696289406777459,0.887562499842239,50,0.07134759913335886,0.9286524008666414,1.0000000000000002,50
WGTP__discretized,"[""AGEP"", ""DEAR"", ""MSP"", ""NPF"", ""POVPIP"", ""PWGTP"", ""SEX""]",7,0.7843137254901961,1.0,1.0,1.0,0.6078199565114635,51,51,0.22132421177764672,0.6537364041400255,0.8750606159176723,51,0.07004661989853167,0.9299533801014686,1.0000000000000002,51
PINCP_DECILE,"[""AGEP"", ""DEAR"", ""NPF"", ""PUMA"", ""PWGTP"", ""RAC1P"", ""WGTP""]",7,0.47058823529411764,1.0,1.0,1.0,0.7646964380868884,51,51,0.26423705580403944,0.3405299020949959,0.6047669578990353,51,0.07004661989853167,0.9299533801014686,1.0000000000000002,51
DEAR,"[""AGEP"", ""DENSITY"", ""DEYE"", ""DPHY"", ""DREM"", ""DVET"", ""EDU"", ""HISP"", ""HOUSING_TYPE"", ""INDP"", ""INDP_CAT"", ""MSP"", ""NOC"", ""NPF"", ""OWN_RENT"", ""PINCP"", ""PINCP_DECILE"", ""POVPIP"", ""PUMA"", ""PWGTP"", ""RAC1P"", ""SEX"", ""WGTP""]",23,0.9607843137254902,1.0,1.0,1.0,0.5194803756414654,51,51,0.12134197320075546,0.8678369434463774,0.9891789166471329,51,0.07004661989853167,0.9299533801014686,1.0000000000000002,51
PWGTP__discretized,"[""AGEP"", ""DENSITY"", ""DEYE"", ""DVET"", ""MSP"", ""PINCP_DECILE"", ""WGTP""]",7,0.8222222222222222,0.8823529411764706,1.0,0.8823529411764706,0.588853484986898,51,51,0.2203543511235564,0.6867017537354022,0.9070561048589586,45,0.0786515987328883,0.9213484012671117,1.0,45
PWGTP__discretized,"[""AGEP"", ""DENSITY"", ""DEYE"", ""DVET"", ""MSP"", ""PINCP_DECILE"", ""WGTP""]",7,0.8163265306122449,0.9607843137254902,1.0,0.9607843137254902,0.5918092833755091,51,51,0.21381261540829555,0.6864239739710013,0.9002365893792968,49,0.07269781922049645,0.9273021807795035,1.0,49
PWGTP__discretized,"[""AGEP"", ""DENSITY"", ""DEYE"", ""DVET"", ""MSP"", ""PINCP_DECILE"", ""WGTP""]",7,0.82,0.9803921568627451,0.98,0.9803921568627451,0.5244197291247822,51,51,0.21025861004066604,0.6920394632569922,0.9022980732976582,50,0.10141517662473187,0.895045564103622,0.9964607407283539,50
PWGTP__discretized,"[""AGEP"", ""DENSITY"", ""DEYE"", ""DVET"", ""MSP"", ""PINCP_DECILE"", ""WGTP""]",7,0.803921568627451,1.0,0.9607843137254902,1.0,0.47841097358936646,51,51,0.21442736968898923,0.6754192051863439,0.8898465748753331,51,0.12134197320075546,0.8678369434463774,0.9891789166471329,51
INDP,"[""AGEP"", ""DENSITY"", ""DEYE"", ""EDU"", ""NPF"", ""PUMA"", ""PWGTP""]",7,0.49019607843137253,1.0,1.0,1.0,0.7548921532843839,51,51,0.26461590211059555,0.3585748589437075,0.623190761054303,51,0.07004661989853167,0.9299533801014686,1.0000000000000002,51
NPF,"[""AGEP"", ""DENSITY"", ""DPHY"", ""DVET"", ""INDP"", ""OWN_RENT"", ""PWGTP""]",7,0.23404255319148937,0.9215686274509803,1.0,0.9215686274509803,0.8829714733712437,51,51,0.23620982963928408,0.13603274586227185,0.37224257550155593,47,0.07555760416399637,0.9244423958360036,1.0,47
NPF,"[""AGEP"", ""DENSITY"", ""DPHY"", ""DVET"", ""INDP"", ""OWN_RENT"", ""PWGTP""]",7,0.23529411764705882,1.0,0.9803921568627451,1.0,0.8597221360619614,51,51,0.22757276325702447,0.14004948834462844,0.3676222516016529,51,0.09957599462038891,0.8969543127385502,0.9965303073589391,51
INDP,"[""AGEP"", ""DENSITY"", ""DREM"", ""DVET"", ""PINCP"", ""PINCP_DECILE"", ""WGTP""]",7,0.49019607843137253,1.0,1.0,1.0,0.7548921532843839,51,51,0.26461590211059555,0.3585748589437075,0.623190761054303,51,0.07004661989853167,0.9299533801014686,1.0000000000000002,51
OWN_RENT,"[""AGEP"", ""DENSITY"", ""DREM"", ""HOUSING_TYPE"", ""MSP"", ""PWGTP"", ""SEX""]",7,0.3877551020408163,0.9607843137254902,1.0,0.9607843137254902,0.8061141904399837,51,51,0.26324988844743885,0.26429011711735667,0.5275400055647955,49,0.07269781922049645,0.9273021807795035,1.0,49
OWN_RENT,"[""AGEP"", ""DENSITY"", ""DREM"", ""HOUSING_TYPE"", ""MSP"", ""PWGTP"", ""SEX""]",7,0.4,0.9803921568627451,1.0,0.9803921568627451,0.7999916555415798,51,51,0.2621017252215409,0.2760838973025655,0.5381856225241064,50,0.07134759913335886,0.9286524008666414,1.0000000000000002,50
OWN_RENT,"[""AGEP"", ""DENSITY"", ""DREM"", ""HOUSING_TYPE"", ""MSP"", ""PWGTP"", ""SEX""]",7,0.39215686274509803,1.0,0.9803921568627451,1.0,0.7779806544738626,51,51,0.2588750003429186,0.270273409817598,0.5291484101605166,51,0.09957599462038891,0.8969543127385502,0.9965303073589391,51
PINCP_DECILE,"[""AGEP"", ""DENSITY"", ""DREM"", ""INDP_CAT"", ""PWGTP"", ""RAC1P"", ""SEX""]",7,0.5098039215686274,1.0,1.0,1.0,0.745087839423762,51,51,0.26461590211059555,0.376809238945697,0.6414251410562926,51,0.07004661989853167,0.9299533801014686,1.0000000000000002,51
DPHY,"[""AGEP"", ""DENSITY"", ""EDU"", ""HISP"", ""HOUSING_TYPE"", ""PWGTP"", ""RAC1P""]",7,0.6326530612244898,0.9607843137254902,1.0,0.9607843137254902,0.683659732063528,51,51,0.26067759470524426,0.49267067560792427,0.7533482703131685,49,0.07269781922049645,0.9273021807795035,1.0,49
DPHY,"[""AGEP"", ""DENSITY"", ""EDU"", ""HISP"", ""HOUSING_TYPE"", ""PWGTP"", ""RAC1P""]",7,0.6470588235294118,1.0,1.0,1.0,0.6764564219700049,51,51,0.25379453093973925,0.5098605845450522,0.7636551154847915,51,0.07004661989853167,0.9299533801014686,1.0000000000000002,51
INDP_CAT,"[""AGEP"", ""DENSITY"", ""EDU"", ""HISP"", ""HOUSING_TYPE"", ""PWGTP"", ""RAC1P""]",7,0.3333333333333333,0.9411764705882353,1.0,0.9411764705882353,0.8333255245044124,51,51,0.25783109599233445,0.21676780694818568,0.4745989029405201,48,0.07410012966611734,0.9258998703338824,0.9999999999999998,48
INDP_CAT,"[""AGEP"", ""DENSITY"", ""EDU"", ""HISP"", ""HOUSING_TYPE"", ""PWGTP"", ""RAC1P""]",7,0.32,0.9803921568627451,1.0,0.9803921568627451,0.8399926364797787,51,51,0.25052081047487224,0.20758216260656848,0.4581029730814407,50,0.07134759913335886,0.9286524008666414,1.0000000000000002,50
INDP_CAT,"[""AGEP"", ""DENSITY"", ""EDU"", ""HISP"", ""HOUSING_TYPE"", ""PWGTP"", ""RAC1P""]",7,0.3137254901960784,1.0,1.0,1.0,0.8431299692938368,51,51,0.24699321065168894,0.2032767846552545,0.45026999530694345,51,0.07004661989853167,0.9299533801014686,1.0000000000000002,51
PINCP_DECILE,"[""AGEP"", ""DENSITY"", ""HISP"", ""INDP_CAT"", ""MSP"", ""PUMA"", ""PWGTP""]",7,0.46,0.9803921568627451,1.0,0.9803921568627451,0.7699907290261816,51,51,0.2663147640861818,0.3296965219222435,0.5960112860084253,50,0.07134759913335886,0.9286524008666414,1.0000000000000002,50
PINCP_DECILE,"[""AGEP"", ""DENSITY"", ""HISP"", ""INDP_CAT"", ""MSP"", ""PUMA"", ""PWGTP""]",7,0.47058823529411764,1.0,1.0,1.0,0.7646964380868884,51,51,0.26423705580403944,0.3405299020949959,0.6047669578990353,51,0.07004661989853167,0.9299533801014686,1.0000000000000002,51
PINCP,"[""AGEP"", ""DEYE"", ""DPHY"", ""HISP"", ""INDP_CAT"", ""PUMA"", ""WGTP""]",7,0.4897959183673469,0.9607843137254902,1.0,0.9607843137254902,0.7550921397993331,51,51,0.26957325949226163,0.3557511031030578,0.6253243625953194,49,0.07269781922049645,0.9273021807795035,1.0,49
PINCP,"[""AGEP"", ""DEYE"", ""DPHY"", ""HISP"", ""INDP_CAT"", ""PUMA"", ""WGTP""]",7,0.47058823529411764,1.0,0.9803921568627451,1.0,0.7363743477873739,51,51,0.26423705580403944,0.3405299020949959,0.6047669578990353,51,0.09957599462038891,0.8969543127385502,0.9965303073589391,51
NOC,"[""AGEP"", ""DEYE"", ""DPHY"", ""HISP"", ""NPF"", ""PINCP"", ""WGTP""]",7,0.8,0.9803921568627451,1.0,0.9803921568627451,0.599974975410851,51,51,0.21793355916449308,0.6696289406777459,0.887562499842239,50,0.07134759913335886,0.9286524008666414,1.0000000000000002,50
NOC,"[""AGEP"", ""DEYE"", ""DPHY"", ""HISP"", ""NPF"", ""PINCP"", ""WGTP""]",7,0.803921568627451,1.0,1.0,1.0,0.598013716986708,51,51,0.21442736968898923,0.6754192051863439,0.8898465748753331,51,0.07004661989853167,0.9299533801014686,1.0000000000000002,51
PWGTP__discretized,"[""AGEP"", ""DEYE"", ""DREM"", ""EDU"", ""HISP"", ""PINCP_DECILE"", ""WGTP""]",7,0.7755102040816326,0.9607843137254902,1.0,0.9607843137254902,0.6122224345248657,51,51,0.22853817086300798,0.6412121276404,0.869750298503408,49,0.07269781922049645,0.9273021807795035,1.0,49
PWGTP__discretized,"[""AGEP"", ""DEYE"", ""DREM"", ""EDU"", ""HISP"", ""PINCP_DECILE"", ""WGTP""]",7,0.76,0.9803921568627451,1.0,0.9803921568627451,0.6199791456373398,51,51,0.231152923609512,0.6258731624205708,0.8570260860300828,50,0.07134759913335886,0.9286524008666414,1.0000000000000002,50
PWGTP__discretized,"[""AGEP"", ""DEYE"", ""DREM"", ""EDU"", ""HISP"", ""PINCP_DECILE"", ""WGTP""]",7,0.7450980392156863,1.0,1.0,1.0,0.6274313657770378,51,51,0.23322513681861456,0.6113171816155625,0.844542318434177,51,0.07004661989853167,0.9299533801014686,1.0000000000000002,51
HISP,"[""AGEP"", ""DEYE"", ""DREM"", ""EDU"", ""HOUSING_TYPE"", ""NPF"", ""WGTP""]",7,0.2549019607843137,1.0,1.0,1.0,0.8725423091715885,51,51,0.23322513681861456,0.15545768156582296,0.3886828183844375,51,0.07004661989853167,0.9299533801014686,1.0000000000000002,51
HISP,"[""AGEP"", ""DEYE"", ""DREM"", ""INDP"", ""NPF"", ""PINCP_DECILE"", ""PWGTP""]",7,0.08163265306122448,0.9607843137254902,1.0,0.9607843137254902,0.9591781468416467,51,51,0.15968845829794917,0.03220281766776368,0.19189127596571284,49,0.07269781922049645,0.9273021807795035,1.0,49
HISP,"[""AGEP"", ""DEYE"", ""DREM"", ""INDP"", ""NPF"", ""PINCP_DECILE"", ""PWGTP""]",7,0.08,0.9803921568627451,0.98,0.9803921568627451,0.9391251084485741,51,51,0.1568329550948354,0.031549514088592974,0.18838246918342838,50,0.10141517662473187,0.895045564103622,0.9964607407283539,50
HISP,"[""AGEP"", ""DEYE"", ""DREM"", ""INDP"", ""NPF"", ""PINCP_DECILE"", ""PWGTP""]",7,0.0784313725490196,1.0,0.9607843137254902,1.0,0.919894680241705,51,51,0.1540772663374697,0.03092219678848919,0.18499946312595889,51,0.12134197320075546,0.8678369434463774,0.9891789166471329,51
DEAR,"[""AGEP"", ""DEYE"", ""DVET"", ""INDP"", ""INDP_CAT"", ""PWGTP"", ""WGTP""]",7,0.13157894736842105,0.95,1.0,0.95,0.934204594361074,40,40,0.21572991752171178,0.05753867690120134,0.2732685944229131,38,0.0918098682255839,0.9081901317744159,0.9999999999999998,38
DEAR,"[""AGEP"", ""DEYE"", ""DVET"", ""INDP"", ""INDP_CAT"", ""PWGTP"", ""WGTP""]",7,0.15384615384615385,0.975,1.0,0.975,0.9230709929948095,40,40,0.22481991271944596,0.07247472376982099,0.29729463648926696,39,0.08966685370757133,0.9103331462924287,1.0,39
DEAR,"[""AGEP"", ""DEYE"", ""DVET"", ""INDP"", ""INDP_CAT"", ""PWGTP"", ""WGTP""]",7,0.15,1.0,1.0,1.0,0.9249941177162622,40,40,0.22011136649169344,0.07061187717320361,0.29072324366489705,40,0.08762160119728679,0.9123783988027134,1.0000000000000002,40
NOC,"[""AGEP"", ""DEYE"", ""DVET"", ""INDP"", ""INDP_CAT"", ""PWGTP"", ""WGTP""]",7,0.6274509803921569,1.0,1.0,1.0,0.6862610891115295,51,51,0.256542670648847,0.49025213468850876,0.7467948053373558,51,0.07004661989853167,0.9299533801014686,1.0000000000000002,51
RAC1P,"[""AGEP"", ""DEYE"", ""DVET"", ""INDP"", ""PINCP_DECILE"", ""PWGTP"", ""SEX""]",7,0.0,0.8431372549019608,1.0,0.8431372549019608,0.9999886423104946,51,51,0.08200980322579117,0.0,0.08200980322579117,43,0.08200980322579121,0.9179901967742088,1.0,43
RAC1P,"[""AGEP"", ""DEYE"", ""DVET"", ""INDP"", ""PINCP_DECILE"", ""PWGTP"", ""SEX""]",7,0.0,0.9019607843137255,1.0,0.9019607843137255,0.9999935939673472,51,51,0.07707356308558039,0.0,0.07707356308558039,46,0.07707356308558055,0.9229264369144197,1.0000000000000002,46
RAC1P,"[""AGEP"", ""DEYE"", ""DVET"", ""INDP"", ""PINCP_DECILE"", ""PWGTP"", ""SEX""]",7,0.0,1.0,0.9019607843137255,1.0,0.9019562745549015,51,51,0.07004661989853143,0.0,0.07004661989853143,51,0.16717427370318994,0.7902176531891915,0.9573919268923814,51
HISP,"[""AGEP"", ""DEYE"", ""DVET"", ""INDP_CAT"", ""PINCP"", ""PUMA"", ""WGTP""]",7,0.14285714285714285,0.9607843137254902,1.0,0.9607843137254902,0.928565512385446,51,51,0.19571282503507648,0.0709642372040676,0.26667706223914406,49,0.07269781922049645,0.9273021807795035,1.0,49
HISP,"[""AGEP"", ""DEYE"", ""DVET"", ""INDP_CAT"", ""PINCP"", ""PUMA"", ""WGTP""]",7,0.14,0.9803921568627451,1.0,0.9803921568627451,0.929994176061963,51,51,0.19235360283569247,0.06950833427016294,0.2618619371058554,50,0.07134759913335886,0.9286524008666414,1.0000000000000002,50
HISP,"[""AGEP"", ""DEYE"", ""DVET"", ""INDP_CAT"", ""PINCP"", ""PUMA"", ""WGTP""]",7,0.13725490196078433,1.0,1.0,1.0,0.9313667536322362,51,51,0.189105905225248,0.06811101735056878,0.2572169225758168,51,0.07004661989853167,0.9299533801014686,1.0000000000000002,51
MSP,"[""AGEP"", ""DEYE"", ""DVET"", ""INDP_CAT"", ""PINCP"", ""PUMA"", ""WGTP""]",7,0.7916666666666666,0.9411764705882353,1.0,0.9411764705882353,0.6041419537382787,51,51,0.2252862831471234,0.6574109872738206,0.882697270420944,48,0.07410012966611734,0.9258998703338824,0.9999999999999998,48
MSP,"[""AGEP"", ""DEYE"", ""DVET"", ""INDP_CAT"", ""PINCP"", ""PUMA"", ""WGTP""]",7,0.803921568627451,1.0,1.0,1.0,0.598013716986708,51,51,0.21442736968898923,0.6754192051863439,0.8898465748753331,51,0.07004661989853167,0.9299533801014686,1.0000000000000002,51
NPF,"[""AGEP"", ""DEYE"", ""EDU"", ""HISP"", ""INDP_CAT"", ""PINCP"", ""PWGTP""]",7,0.2765957446808511,0.9215686274509803,1.0,0.9215686274509803,0.8616944817100218,51,51,0.2482200025519625,0.16936563369682642,0.4175856362487889,47,0.07555760416399637,0.9244423958360036,1.0,47
NPF,"[""AGEP"", ""DEYE"", ""EDU"", ""HISP"", ""INDP_CAT"", ""PINCP"", ""PWGTP""]",7,0.2549019607843137,1.0,0.9607843137254902,1.0,0.8266190297415048,51,51,0.23322513681861456,0.15545768156582296,0.3886828183844375,51,0.12134197320075546,0.8678369434463774,0.9891789166471329,51
INDP,"[""AGEP"", ""DEYE"", ""EDU"", ""HOUSING_TYPE"", ""PUMA"", ""PWGTP"", ""WGTP""]",7,0.3333333333333333,1.0,1.0,1.0,0.8333258334458316,51,51,0.2506169028944068,0.21969931853588515,0.47031622143029195,51,0.07004661989853167,0.9299533801014686,1.0000000000000002,51
INDP_CAT,"[""AGEP"", ""DEYE"", ""EDU"", ""INDP"", ""MSP"", ""NOC"", ""PWGTP""]",7,0.94,0.9803921568627451,1.0,0.9803921568627451,0.5299165974571033,51,51,0.14155594653940795,0.8378290831116182,0.9793850296510261,50,0.07134759913335886,0.9286524008666414,1.0000000000000002,50
INDP_CAT,"[""AGEP"", ""DEYE"", ""EDU"", ""INDP"", ""MSP"", ""NOC"", ""PWGTP""]",7,0.9411764705882353,1.0,1.0,1.0,0.5293267791534257,51,51,0.13903962106553946,0.8407537395119957,0.9797933605775352,51,0.07004661989853167,0.9299533801014686,1.0000000000000002,51
PINCP_DECILE,"[""AGEP"", ""DEYE"", ""EDU"", ""INDP"", ""MSP"", ""NPF"", ""WGTP""]",7,0.38,0.9803921568627451,1.0,0.9803921568627451,0.8099919245177404,51,51,0.2598676375881342,0.25862789310193596,0.5184955306900701,50,0.07134759913335886,0.9286524008666414,1.0000000000000002,50
PINCP_DECILE,"[""AGEP"", ""DEYE"", ""EDU"", ""INDP"", ""MSP"", ""NPF"", ""WGTP""]",7,0.37254901960784315,1.0,1.0,1.0,0.8137175215730783,51,51,0.25654267064884695,0.25320519466264424,0.5097478653114912,51,0.07004661989853167,0.9299533801014686,1.0000000000000002,51
PINCP_DECILE,"[""AGEP"", ""DEYE"", ""HISP"", ""NPF"", ""PINCP"", ""POVPIP"", ""WGTP""]",7,0.9,0.9803921568627451,1.0,0.9803921568627451,0.5499499548171436,51,51,0.17012654944290617,0.7863976856252035,0.9565242350681097,50,0.07134759913335886,0.9286524008666414,1.0000000000000002,50
PINCP_DECILE,"[""AGEP"", ""DEYE"", ""HISP"", ""NPF"", ""PINCP"", ""POVPIP"", ""WGTP""]",7,0.9019607843137255,1.0,1.0,1.0,0.5489686130446063,51,51,0.16717427370318994,0.7902176531891915,0.9573919268923814,51,0.07004661989853167,0.9299533801014686,1.0000000000000002,51
NPF,"[""AGEP"", ""DEYE"", ""HOUSING_TYPE"", ""PINCP"", ""POVPIP"", ""PUMA"", ""SEX""]",7,0.3125,0.9411764705882353,1.0,0.9411764705882353,0.8437424219475168,51,51,0.25387387969303776,0.19945683446587817,0.4533307141589159,48,0.07410012966611734,0.9258998703338824,0.9999999999999998,48
NPF,"[""AGEP"", ""DEYE"", ""HOUSING_TYPE"", ""PINCP"", ""POVPIP"", ""PUMA"", ""SEX""]",7,0.32,0.9803921568627451,0.98,0.9803921568627451,0.8152869707009617,51,51,0.25052081047487224,0.20758216260656848,0.4581029730814407,50,0.10141517662473187,0.895045564103622,0.9964607407283539,50
NPF,"[""AGEP"", ""DEYE"", ""HOUSING_TYPE"", ""PINCP"", ""POVPIP"", ""PUMA"", ""SEX""]",7,0.3333333333333333,1.0,0.9803921568627451,1.0,0.8088162501091893,51,51,0.2506169028944068,0.21969931853588515,0.47031622143029195,51,0.09957599462038891,0.8969543127385502,0.9965303073589391,51
DENSITY,"[""AGEP"", ""DPHY"", ""DVET"", ""MSP"", ""OWN_RENT"", ""PINCP_DECILE"", ""PWGTP""]",7,0.32558139534883723,0.8431372549019608,1.0,0.8431372549019608,0.8371950313297957,51,51,0.26990491905901814,0.20493297126568708,0.47483789032470525,43,0.08200980322579121,0.9179901967742088,1.0,43
DENSITY,"[""AGEP"", ""DPHY"", ""DVET"", ""MSP"", ""OWN_RENT"", ""PINCP_DECILE"", ""PWGTP""]",7,0.3111111111111111,0.8823529411764706,1.0,0.8823529411764706,0.8444345006337595,51,51,0.26136106313713414,0.19528699263653412,0.45664805577366824,45,0.0786515987328883,0.9213484012671117,1.0,45
DENSITY,"[""AGEP"", ""DPHY"", ""DVET"", ""MSP"", ""OWN_RENT"", ""PINCP_DECILE"", ""PWGTP""]",7,0.30612244897959184,0.9607843137254902,0.9591836734693877,0.9607843137254902,0.7971119832973753,51,51,0.2501240229090408,0.19515491268006566,0.4452789355891064,49,0.12586468969461495,0.8628696769391991,0.9887343666338141,49
DENSITY,"[""AGEP"", ""DPHY"", ""DVET"", ""MSP"", ""OWN_RENT"", ""PINCP_DECILE"", ""PWGTP""]",7,0.3,0.9803921568627451,0.94,0.9803921568627451,0.777136316952799,51,51,0.2464679696357246,0.1910355350088095,0.4375035046445341,50,0.14155594653940795,0.8378290831116182,0.9793850296510261,50
DENSITY,"[""AGEP"", ""DPHY"", ""DVET"", ""MSP"", ""OWN_RENT"", ""PINCP_DECILE"", ""PWGTP""]",7,0.29411764705882354,1.0,0.9411764705882353,1.0,0.7818562521344672,51,51,0.24290349155550944,0.18708726420135469,0.42999075575686413,51,0.13903962106553946,0.8407537395119957,0.9797933605775352,51
WGTP__discretized,"[""AGEP"", ""DPHY"", ""DVET"", ""MSP"", ""POVPIP"", ""PWGTP"", ""SEX""]",7,0.7021276595744681,0.9215686274509803,1.0,0.9215686274509803,0.6489181106070527,51,51,0.25326423414441235,0.5602232608095392,0.8134874949539516,47,0.07555760416399637,0.9244423958360036,1.0,47
WGTP__discretized,"[""AGEP"", ""DPHY"", ""DVET"", ""MSP"", ""POVPIP"", ""PWGTP"", ""SEX""]",7,0.7142857142857143,0.9607843137254902,1.0,0.9607843137254902,0.6428394883665679,51,51,0.2455928904896748,0.575911164922199,0.8215040554118738,49,0.07269781922049645,0.9273021807795035,1.0,49
WGTP__discretized,"[""AGEP"", ""DPHY"", ""DVET"", ""MSP"", ""POVPIP"", ""PWGTP"", ""SEX""]",7,0.7,0.9803921568627451,1.0,0.9803921568627451,0.6499833158340129,51,51,0.2464679696357246,0.562496495355466,0.8089644649911906,50,0.07134759913335886,0.9286524008666414,1.0000000000000002,50
WGTP__discretized,"[""AGEP"", ""DPHY"", ""DVET"", ""MSP"", ""POVPIP"", ""PWGTP"", ""SEX""]",7,0.6862745098039216,1.0,1.0,1.0,0.6568468081060308,51,51,0.2469932106516889,0.5497300046930566,0.7967232153447454,51,0.07004661989853167,0.9299533801014686,1.0000000000000002,51
DEAR,"[""AGEP"", ""DPHY"", ""EDU"", ""HOUSING_TYPE"", ""INDP"", ""PINCP_DECILE"", ""WGTP""]",7,0.15,1.0,1.0,1.0,0.9249941177162622,40,40,0.22011136649169344,0.07061187717320361,0.29072324366489705,40,0.08762160119728679,0.9123783988027134,1.0000000000000002,40
MSP,"[""AGEP"", ""DPHY"", ""EDU"", ""HOUSING_TYPE"", ""POVPIP"", ""PWGTP"", ""SEX""]",7,0.7843137254901961,1.0,1.0,1.0,0.6078199565114635,51,51,0.22132421177764672,0.6537364041400255,0.8750606159176723,51,0.07004661989853167,0.9299533801014686,1.0000000000000002,51
DVET,"[""AGEP"", ""DPHY"", ""EDU"", ""INDP"", ""MSP"", ""NOC"", ""WGTP""]",7,0.0,0.9090909090909091,1.0,0.9090909090909091,0.9999938919252493,11,11,0.2775327998628892,0.0,0.2775327998628892,10,0.27753279986288926,0.7224672001371106,0.9999999999999999,10
DVET,"[""AGEP"", ""DPHY"", ""EDU"", ""INDP"", ""MSP"", ""NOC"", ""WGTP""]",7,0.0,1.0,1.0,1.0,0.9999950000499995,11,11,0.2588329669680317,0.0,0.2588329669680317,11,0.25883296696803193,0.7411670330319683,1.0000000000000002,11
MSP,"[""AGEP"", ""DPHY"", ""EDU"", ""OWN_RENT"", ""PWGTP"", ""RAC1P"", ""SEX""]",7,0.82,0.9803921568627451,1.0,0.9803921568627451,0.5899721952653799,51,51,0.21025861004066604,0.6920394632569922,0.9022980732976582,50,0.07134759913335886,0.9286524008666414,1.0000000000000002,50
MSP,"[""AGEP"", ""DPHY"", ""EDU"", ""OWN_RENT"", ""PWGTP"", ""RAC1P"", ""SEX""]",7,0.803921568627451,1.0,1.0,1.0,0.598013716986708,51,51,0.21442736968898923,0.6754192051863439,0.8898465748753331,51,0.07004661989853167,0.9299533801014686,1.0000000000000002,51
DEYE,"[""AGEP"", ""DPHY"", ""HISP"", ""NPF"", ""PUMA"", ""PWGTP"", ""RAC1P""]",7,0.0,1.0,1.0,1.0,0.9999950000499995,24,24,0.1379762046749802,1.1962983316807505e-17,0.1379762046749802,24,0.13797620467498017,0.8620237953250198,1.0,24
PINCP,"[""AGEP"", ""DPHY"", ""HOUSING_TYPE"", ""INDP"", ""INDP_CAT"", ""NOC"", ""WGTP""]",7,0.4782608695652174,0.9019607843137255,1.0,0.9019607843137255,0.7608582677990332,51,51,0.27737897493150293,0.3412468943404568,0.6186258692719597,46,0.07707356308558055,0.9229264369144197,1.0000000000000002,46
PINCP,"[""AGEP"", ""DPHY"", ""HOUSING_TYPE"", ""INDP"", ""INDP_CAT"", ""NOC"", ""WGTP""]",7,0.46,0.9803921568627451,1.0,0.9803921568627451,0.7699907290261816,51,51,0.2663147640861818,0.3296965219222435,0.5960112860084253,50,0.07134759913335886,0.9286524008666414,1.0000000000000002,50
PINCP,"[""AGEP"", ""DPHY"", ""HOUSING_TYPE"", ""INDP"", ""INDP_CAT"", ""NOC"", ""WGTP""]",7,0.45098039215686275,1.0,0.9803921568627451,1.0,0.7468399577679958,51,51,0.2634777290025719,0.32267518549374014,0.586152914496312,51,0.09957599462038891,0.8969543127385502,0.9965303073589391,51
POVPIP,"[""AGEP"", ""DPHY"", ""HOUSING_TYPE"", ""NPF"", ""PUMA"", ""PWGTP""]",6,0.7058823529411765,1.0,1.0,1.0,0.647041824107392,51,51,0.2429034915555094,0.5700092442431359,0.8129127357986453,51,0.07004661989853167,0.9299533801014686,1.0000000000000002,51
HISP,"[""AGEP"", ""DPHY"", ""HOUSING_TYPE"", ""PINCP_DECILE"", ""POVPIP"", ""PWGTP"", ""SEX""]",7,0.21568627450980393,1.0,1.0,1.0,0.8921504878263782,51,51,0.22132421177764694,0.12493938408232765,0.34626359585997457,51,0.07004661989853167,0.9299533801014686,1.0000000000000002,51
NOC,"[""AGEP"", ""DPHY"", ""HOUSING_TYPE"", ""PINCP_DECILE"", ""POVPIP"", ""PWGTP"", ""SEX""]",7,0.7450980392156863,1.0,1.0,1.0,0.6274313657770378,51,51,0.23322513681861456,0.6113171816155625,0.844542318434177,51,0.07004661989853167,0.9299533801014686,1.0000000000000002,51
INDP,"[""AGEP"", ""DPHY"", ""INDP_CAT"", ""NOC"", ""RAC1P"", ""SEX"", ""WGTP""]",7,0.7446808510638298,0.9215686274509803,1.0,0.9215686274509803,0.6276385372036153,51,51,0.2425502149536276,0.6049182446958253,0.8474684596494529,47,0.07555760416399637,0.9244423958360036,1.0,47
INDP,"[""AGEP"", ""DPHY"", ""INDP_CAT"", ""NOC"", ""RAC1P"", ""SEX"", ""WGTP""]",7,0.7,0.9803921568627451,1.0,0.9803921568627451,0.6499833158340129,51,51,0.2464679696357246,0.562496495355466,0.8089644649911906,50,0.07134759913335886,0.9286524008666414,1.0000000000000002,50
INDP,"[""AGEP"", ""DPHY"", ""INDP_CAT"", ""NOC"", ""RAC1P"", ""SEX"", ""WGTP""]",7,0.6862745098039216,1.0,1.0,1.0,0.6568468081060308,51,51,0.2469932106516889,0.5497300046930566,0.7967232153447454,51,0.07004661989853167,0.9299533801014686,1.0000000000000002,51
PUMA,"[""AGEP"", ""DPHY"", ""MSP"", ""NOC"", ""POVPIP"", ""PWGTP"", ""SEX""]",7,0.3617021276595745,0.9215686274509803,1.0,0.9215686274509803,0.8191403340883028,51,51,0.2649789021949074,0.23966213245714152,0.5046410346520489,47,0.07555760416399637,0.9244423958360036,1.0,47
PUMA,"[""AGEP"", ""DPHY"", ""MSP"", ""NOC"", ""POVPIP"", ""PWGTP"", ""SEX""]",7,0.3673469387755102,0.9607843137254902,1.0,0.9607843137254902,0.8163185368275179,51,51,0.2606775947052442,0.24665172968683144,0.5073293243920757,49,0.07269781922049645,0.9273021807795035,1.0,49
PUMA,"[""AGEP"", ""DPHY"", ""MSP"", ""NOC"", ""POVPIP"", ""PWGTP"", ""SEX""]",7,0.35294117647058826,1.0,0.9803921568627451,1.0,0.7985664820474165,51,51,0.25379453093973914,0.23634488451520858,0.4901394154549477,51,0.09957599462038891,0.8969543127385502,0.9965303073589391,51
INDP_CAT,"[""AGEP"", ""DREM"", ""DVET"", ""EDU"", ""NOC"", ""PWGTP"", ""RAC1P""]",7,0.3695652173913043,0.9019607843137255,1.0,0.9019607843137255,0.8152079020223129,51,51,0.26876148985770665,0.24523754590839628,0.513999035766103,46,0.07707356308558055,0.9229264369144197,1.0000000000000002,46
INDP_CAT,"[""AGEP"", ""DREM"", ""DVET"", ""EDU"", ""NOC"", ""PWGTP"", ""RAC1P""]",7,0.3541666666666667,0.9411764705882353,1.0,0.9411764705882353,0.822908611981092,51,51,0.26127298864052056,0.23433644125604852,0.4956094298965691,48,0.07410012966611734,0.9258998703338824,0.9999999999999998,48
INDP_CAT,"[""AGEP"", ""DREM"", ""DVET"", ""EDU"", ""NOC"", ""PWGTP"", ""RAC1P""]",7,0.35294117647058826,1.0,0.9607843137254902,1.0,0.7736112794834349,51,51,0.25379453093973914,0.23634488451520858,0.4901394154549477,51,0.12134197320075546,0.8678369434463774,0.9891789166471329,51
DEYE,"[""AGEP"", ""DREM"", ""DVET"", ""HOUSING_TYPE"", ""INDP_CAT"", ""POVPIP"", ""PWGTP""]",7,0.08333333333333333,1.0,1.0,1.0,0.9583278788473822,24,24,0.2353292066350635,0.023158815297043313,0.2584880219321068,24,0.13797620467498017,0.8620237953250198,1.0,24
MSP,"[""AGEP"", ""DREM"", ""DVET"", ""NOC"", ""PINCP"", ""PUMA"", ""PWGTP""]",7,0.76,0.9803921568627451,1.0,0.9803921568627451,0.6199791456373398,51,51,0.231152923609512,0.6258731624205708,0.8570260860300828,50,0.07134759913335886,0.9286524008666414,1.0000000000000002,50
MSP,"[""AGEP"", ""DREM"", ""DVET"", ""NOC"", ""PINCP"", ""PUMA"", ""PWGTP""]",7,0.7450980392156863,1.0,1.0,1.0,0.6274313657770378,51,51,0.23322513681861456,0.6113171816155625,0.844542318434177,51,0.07004661989853167,0.9299533801014686,1.0000000000000002,51
INDP_CAT,"[""AGEP"", ""DREM"", ""EDU"", ""HOUSING_TYPE"", ""NPF"", ""SEX"", ""WGTP""]",7,0.42857142857142855,0.9607843137254902,1.0,0.9607843137254902,0.785705440753548,51,51,0.2670618783110104,0.3002331907888159,0.5672950690998263,49,0.07269781922049645,0.9273021807795035,1.0,49
INDP_CAT,"[""AGEP"", ""DREM"", ""EDU"", ""HOUSING_TYPE"", ""NPF"", ""SEX"", ""WGTP""]",7,0.42,0.9803921568627451,1.0,0.9803921568627451,0.7899913680088051,51,51,0.2639155487670979,0.2937500335471198,0.5576655823142177,50,0.07134759913335886,0.9286524008666414,1.0000000000000002,50
INDP_CAT,"[""AGEP"", ""DREM"", ""EDU"", ""HOUSING_TYPE"", ""NPF"", ""SEX"", ""WGTP""]",7,0.4117647058823529,1.0,0.9803921568627451,1.0,0.7676388422965437,51,51,0.2608026758904749,0.2875439520458094,0.5483466279362843,51,0.09957599462038891,0.8969543127385502,0.9965303073589391,51
PUMA,"[""AGEP"", ""DREM"", ""EDU"", ""NPF"", ""OWN_RENT"", ""PINCP"", ""PWGTP""]",7,0.3877551020408163,0.9607843137254902,1.0,0.9607843137254902,0.8061141904399837,51,51,0.26324988844743885,0.26429011711735667,0.5275400055647955,49,0.07269781922049645,0.9273021807795035,1.0,49
PUMA,"[""AGEP"", ""DREM"", ""EDU"", ""NPF"", ""OWN_RENT"", ""PINCP"", ""PWGTP""]",7,0.37254901960784315,1.0,1.0,1.0,0.8137175215730783,51,51,0.25654267064884695,0.25320519466264424,0.5097478653114912,51,0.07004661989853167,0.9299533801014686,1.0000000000000002,51
DEAR,"[""AGEP"", ""DREM"", ""HISP"", ""HOUSING_TYPE"", ""INDP_CAT"", ""NOC"", ""WGTP""]",7,0.08823529411764706,0.85,1.0,0.85,0.955871351760294,40,40,0.19913892195344013,0.03046594367464854,0.22960486562808866,34,0.10151455415332378,0.898485445846676,0.9999999999999998,34
DEAR,"[""AGEP"", ""DREM"", ""HISP"", ""HOUSING_TYPE"", ""INDP_CAT"", ""NOC"", ""WGTP""]",7,0.13513513513513514,0.925,1.0,0.925,0.932426038374246,40,40,0.22064117358277774,0.05913294425732018,0.2797741178400979,37,0.09405782583720246,0.9059421741627975,1.0,37
DEAR,"[""AGEP"", ""DREM"", ""HISP"", ""HOUSING_TYPE"", ""INDP_CAT"", ""NOC"", ""WGTP""]",7,0.125,1.0,1.0,1.0,0.937494285779591,40,40,0.20652619587905696,0.05459500250945403,0.261121198388511,40,0.08762160119728679,0.9123783988027134,1.0000000000000002,40
PWGTP__discretized,"[""AGEP"", ""DREM"", ""HISP"", ""HOUSING_TYPE"", ""INDP_CAT"", ""NOC"", ""WGTP""]",7,0.8695652173913043,0.9019607843137255,1.0,0.9019607843137255,0.5651735800207218,51,51,0.19548017417037888,0.74334142220927,0.9388215963796489,46,0.07707356308558055,0.9229264369144197,1.0000000000000002,46
PWGTP__discretized,"[""AGEP"", ""DREM"", ""HISP"", ""HOUSING_TYPE"", ""INDP_CAT"", ""NOC"", ""WGTP""]",7,0.86,0.9803921568627451,1.0,0.9803921568627451,0.5699642520777901,51,51,0.19235360283569247,0.7381380628941446,0.9304916657298371,50,0.07134759913335886,0.9286524008666414,1.0000000000000002,50
PWGTP__discretized,"[""AGEP"", ""DREM"", ""HISP"", ""HOUSING_TYPE"", ""INDP_CAT"", ""NOC"", ""WGTP""]",7,0.8431372549019608,1.0,0.9803921568627451,1.0,0.5060995621333058,51,51,0.19841223552939058,0.7198955322701224,0.918307767799513,51,0.09957599462038891,0.8969543127385502,0.9965303073589391,51
INDP_CAT,"[""AGEP"", ""DREM"", ""HISP"", ""HOUSING_TYPE"", ""PWGTP"", ""RAC1P"", ""WGTP""]",7,0.4782608695652174,0.9019607843137255,1.0,0.9019607843137255,0.7608582677990332,51,51,0.27737897493150293,0.3412468943404568,0.6186258692719597,46,0.07707356308558055,0.9229264369144197,1.0000000000000002,46
INDP_CAT,"[""AGEP"", ""DREM"", ""HISP"", ""HOUSING_TYPE"", ""PWGTP"", ""RAC1P"", ""WGTP""]",7,0.46808510638297873,0.9215686274509803,1.0,0.9215686274509803,0.7659472059558378,51,51,0.27435929703244444,0.33331687076560745,0.6076761677980519,47,0.07555760416399637,0.9244423958360036,1.0,47
INDP_CAT,"[""AGEP"", ""DREM"", ""HISP"", ""HOUSING_TYPE"", ""PWGTP"", ""RAC1P"", ""WGTP""]",7,0.46,0.9803921568627451,0.96,0.9803921568627451,0.712954378727946,51,51,0.2663147640861818,0.3296965219222435,0.5960112860084253,50,0.1235620225474503,0.8653990931249298,0.9889611156723801,50
INDP_CAT,"[""AGEP"", ""DREM"", ""HISP"", ""HOUSING_TYPE"", ""PWGTP"", ""RAC1P"", ""WGTP""]",7,0.45098039215686275,1.0,0.9411764705882353,1.0,0.6915184794148111,51,51,0.2634777290025719,0.32267518549374014,0.586152914496312,51,0.13903962106553946,0.8407537395119957,0.9797933605775352,51
MSP,"[""AGEP"", ""DREM"", ""HISP"", ""INDP"", ""OWN_RENT"", ""PINCP"", ""PWGTP""]",7,0.6326530612244898,0.9607843137254902,1.0,0.9607843137254902,0.683659732063528,51,51,0.26067759470524426,0.49267067560792427,0.7533482703131685,49,0.07269781922049645,0.9273021807795035,1.0,49
MSP,"[""AGEP"", ""DREM"", ""HISP"", ""INDP"", ""OWN_RENT"", ""PINCP"", ""PWGTP""]",7,0.62,0.9803921568627451,1.0,0.9803921568627451,0.6899868274860749,51,51,0.2598676375881343,0.4815044693099298,0.7413721068980641,50,0.07134759913335886,0.9286524008666414,1.0000000000000002,50
MSP,"[""AGEP"", ""DREM"", ""HISP"", ""INDP"", ""OWN_RENT"", ""PINCP"", ""PWGTP""]",7,0.6078431372549019,1.0,1.0,1.0,0.6960656816976657,51,51,0.25887500034291844,0.4708515898394834,0.7297265901824018,51,0.07004661989853167,0.9299533801014686,1.0000000000000002,51
DEYE,"[""AGEP"", ""DREM"", ""HISP"", ""INDP_CAT"", ""NPF"", ""PINCP"", ""PWGTP""]",7,0.0,1.0,1.0,1.0,0.9999950000499995,24,24,0.1379762046749802,1.1962983316807505e-17,0.1379762046749802,24,0.13797620467498017,0.8620237953250198,1.0,24
PUMA,"[""AGEP"", ""DREM"", ""HOUSING_TYPE"", ""INDP"", ""PINCP_DECILE"", ""PWGTP"", ""RAC1P""]",7,0.3125,0.9411764705882353,1.0,0.9411764705882353,0.8437424219475168,51,51,0.25387387969303776,0.19945683446587817,0.4533307141589159,48,0.07410012966611734,0.9258998703338824,0.9999999999999998,48
PUMA,"[""AGEP"", ""DREM"", ""HOUSING_TYPE"", ""INDP"", ""PINCP_DECILE"", ""PWGTP"", ""RAC1P""]",7,0.32653061224489793,0.9607843137254902,1.0,0.9607843137254902,0.8367271813140259,51,51,0.25413297683617986,0.21207497001811862,0.46620794685429845,49,0.07269781922049645,0.9273021807795035,1.0,49
PUMA,"[""AGEP"", ""DREM"", ""HOUSING_TYPE"", ""INDP"", ""PINCP_DECILE"", ""PWGTP"", ""RAC1P""]",7,0.34,0.9803921568627451,0.98,0.9803921568627451,0.8048411282889465,51,51,0.2540922472726731,0.2243694922250009,0.478461739497674,50,0.10141517662473187,0.895045564103622,0.9964607407283539,50
PUMA,"[""AGEP"", ""DREM"", ""HOUSING_TYPE"", ""INDP"", ""PINCP_DECILE"", ""PWGTP"", ""RAC1P""]",7,0.35294117647058826,1.0,0.9803921568627451,1.0,0.7985664820474165,51,51,0.25379453093973914,0.23634488451520858,0.4901394154549477,51,0.09957599462038891,0.8969543127385502,0.9965303073589391,51
INDP,"[""AGEP"", ""DREM"", ""HOUSING_TYPE"", ""PINCP_DECILE"", ""POVPIP"", ""SEX"", ""WGTP""]",7,0.45652173913043476,0.9019607843137255,1.0,0.9019607843137255,0.7717282549481592,51,51,0.27665085157914143,0.3215473378228458,0.5981981894019872,46,0.07707356308558055,0.9229264369144197,1.0000000000000002,46
INDP,"[""AGEP"", ""DREM"", ""HOUSING_TYPE"", ""PINCP_DECILE"", ""POVPIP"", ""SEX"", ""WGTP""]",7,0.42857142857142855,0.9607843137254902,1.0,0.9607843137254902,0.785705440753548,51,51,0.2670618783110104,0.3002331907888159,0.5672950690998263,49,0.07269781922049645,0.9273021807795035,1.0,49
INDP,"[""AGEP"", ""DREM"", ""HOUSING_TYPE"", ""PINCP_DECILE"", ""POVPIP"", ""SEX"", ""WGTP""]",7,0.4117647058823529,1.0,0.9607843137254902,1.0,0.7411685373897663,51,51,0.2608026758904749,0.2875439520458094,0.5483466279362843,51,0.12134197320075546,0.8678369434463774,0.9891789166471329,51
PUMA,"[""AGEP"", ""DREM"", ""INDP"", ""INDP_CAT"", ""PWGTP"", ""SEX"", ""WGTP""]",7,0.3333333333333333,1.0,1.0,1.0,0.8333258334458316,51,51,0.2506169028944068,0.21969931853588515,0.47031622143029195,51,0.07004661989853167,0.9299533801014686,1.0000000000000002,51
PUMA,"[""AGEP"", ""DREM"", ""INDP"", ""MSP"", ""NPF"", ""RAC1P"", ""WGTP""]",7,0.45454545454545453,0.8627450980392157,1.0,0.8627450980392157,0.7727132077027827,51,51,0.28228582658817125,0.31705234142220895,0.5993381680103802,44,0.08029560375848066,0.9197043962415193,1.0,44
PUMA,"[""AGEP"", ""DREM"", ""INDP"", ""MSP"", ""NPF"", ""RAC1P"", ""WGTP""]",7,0.42857142857142855,0.9607843137254902,1.0,0.9607843137254902,0.785705440753548,51,51,0.2670618783110104,0.3002331907888159,0.5672950690998263,49,0.07269781922049645,0.9273021807795035,1.0,49
PUMA,"[""AGEP"", ""DREM"", ""INDP"", ""MSP"", ""NPF"", ""RAC1P"", ""WGTP""]",7,0.42,0.9803921568627451,0.98,0.9803921568627451,0.7627502863533291,51,51,0.2639155487670979,0.2937500335471198,0.5576655823142177,50,0.10141517662473187,0.895045564103622,0.9964607407283539,50
PUMA,"[""AGEP"", ""DREM"", ""INDP"", ""MSP"", ""NPF"", ""RAC1P"", ""WGTP""]",7,0.4117647058823529,1.0,0.9803921568627451,1.0,0.7676388422965437,51,51,0.2608026758904749,0.2875439520458094,0.5483466279362843,51,0.09957599462038891,0.8969543127385502,0.9965303073589391,51
DVET,"[""AGEP"", ""DREM"", ""INDP"", ""MSP"", ""PINCP"", ""SEX"", ""WGTP""]",7,0.09090909090909091,1.0,1.0,1.0,0.9545399546059539,11,11,0.3611262635657108,0.01623217288588484,0.37735843645159567,11,0.25883296696803193,0.7411670330319683,1.0000000000000002,11
SEX,"[""AGEP"", ""DREM"", ""INDP_CAT"", ""OWN_RENT"", ""PUMA"", ""PWGTP"", ""WGTP""]",7,0.5686274509803921,1.0,1.0,1.0,0.715674683869405,51,51,0.2623346178278821,0.43265302109302245,0.6949876389209045,51,0.07004661989853167,0.9299533801014686,1.0000000000000002,51
DEYE,"[""AGEP"", ""DVET"", ""EDU"", ""INDP"", ""NOC"", ""PWGTP"", ""RAC1P""]",7,0.041666666666666664,1.0,1.0,1.0,0.9791614493298041,24,24,0.1950246086210536,0.0073934561655057815,0.20241806478655938,24,0.13797620467498017,0.8620237953250198,1.0,24
DENSITY,"[""AGEP"", ""DVET"", ""EDU"", ""NOC"", ""NPF"", ""PINCP_DECILE"", ""WGTP""]",7,0.3877551020408163,0.9607843137254902,1.0,0.9607843137254902,0.8061141904399837,51,51,0.26324988844743885,0.26429011711735667,0.5275400055647955,49,0.07269781922049645,0.9273021807795035,1.0,49
DENSITY,"[""AGEP"", ""DVET"", ""EDU"", ""NOC"", ""NPF"", ""PINCP_DECILE"", ""WGTP""]",7,0.38,0.9803921568627451,1.0,0.9803921568627451,0.8099919245177404,51,51,0.2598676375881342,0.25862789310193596,0.5184955306900701,50,0.07134759913335886,0.9286524008666414,1.0000000000000002,50
DENSITY,"[""AGEP"", ""DVET"", ""EDU"", ""NOC"", ""NPF"", ""PINCP_DECILE"", ""WGTP""]",7,0.37254901960784315,1.0,1.0,1.0,0.8137175215730783,51,51,0.25654267064884695,0.25320519466264424,0.5097478653114912,51,0.07004661989853167,0.9299533801014686,1.0000000000000002,51
NOC,"[""AGEP"", ""DVET"", ""HISP"", ""INDP"", ""OWN_RENT"", ""POVPIP"", ""WGTP""]",7,0.6530612244897959,0.9607843137254902,1.0,0.9607843137254902,0.6734548440979858,51,51,0.25764412878488296,0.5131119428697273,0.7707560716546102,49,0.07269781922049645,0.9273021807795035,1.0,49
NOC,"[""AGEP"", ""DVET"", ""HISP"", ""INDP"", ""OWN_RENT"", ""POVPIP"", ""WGTP""]",7,0.64,0.9803921568627451,1.0,0.9803921568627451,0.6799860959043914,51,51,0.25720233472040566,0.501410168761127,0.7586125034815326,50,0.07134759913335886,0.9286524008666414,1.0000000000000002,50
NOC,"[""AGEP"", ""DVET"", ""HISP"", ""INDP"", ""OWN_RENT"", ""POVPIP"", ""WGTP""]",7,0.6274509803921569,1.0,1.0,1.0,0.6862610891115295,51,51,0.256542670648847,0.49025213468850876,0.7467948053373558,51,0.07004661989853167,0.9299533801014686,1.0000000000000002,51
PWGTP__discretized,"[""AGEP"", ""DVET"", ""HISP"", ""INDP"", ""PINCP"", ""RAC1P"", ""WGTP""]",7,0.7,0.9803921568627451,1.0,0.9803921568627451,0.6499833158340129,51,51,0.2464679696357246,0.562496495355466,0.8089644649911906,50,0.07134759913335886,0.9286524008666414,1.0000000000000002,50
PWGTP__discretized,"[""AGEP"", ""DVET"", ""HISP"", ""INDP"", ""PINCP"", ""RAC1P"", ""WGTP""]",7,0.7058823529411765,1.0,1.0,1.0,0.647041824107392,51,51,0.2429034915555094,0.5700092442431359,0.8129127357986453,51,0.07004661989853167,0.9299533801014686,1.0000000000000002,51
RAC1P,"[""AGEP"", ""DVET"", ""HISP"", ""NOC"", ""PINCP_DECILE"", ""SEX"", ""WGTP""]",7,0.04,0.9803921568627451,1.0,0.9803921568627451,0.9799947817737227,51,51,0.1235620225474504,0.011038884327619809,0.1346009068750702,50,0.07134759913335886,0.9286524008666414,1.0000000000000002,50
RAC1P,"[""AGEP"", ""DVET"", ""HISP"", ""NOC"", ""PINCP_DECILE"", ""SEX"", ""WGTP""]",7,0.058823529411764705,1.0,1.0,1.0,0.9705829228505622,51,51,0.1390396210655396,0.020206639422464676,0.15924626048800428,51,0.07004661989853167,0.9299533801014686,1.0000000000000002,51
WGTP__discretized,"[""AGEP"", ""DVET"", ""INDP"", ""INDP_CAT"", ""NOC"", ""PINCP"", ""PWGTP""]",7,0.8163265306122449,0.9607843137254902,1.0,0.9607843137254902,0.5918092833755091,51,51,0.21381261540829555,0.6864239739710013,0.9002365893792968,49,0.07269781922049645,0.9273021807795035,1.0,49
WGTP__discretized,"[""AGEP"", ""DVET"", ""INDP"", ""INDP_CAT"", ""NOC"", ""PINCP"", ""PWGTP""]",7,0.8,0.9803921568627451,1.0,0.9803921568627451,0.599974975410851,51,51,0.21793355916449308,0.6696289406777459,0.887562499842239,50,0.07134759913335886,0.9286524008666414,1.0000000000000002,50
WGTP__discretized,"[""AGEP"", ""DVET"", ""INDP"", ""INDP_CAT"", ""NOC"", ""PINCP"", ""PWGTP""]",7,0.7843137254901961,1.0,1.0,1.0,0.6078199565114635,51,51,0.22132421177764672,0.6537364041400255,0.8750606159176723,51,0.07004661989853167,0.9299533801014686,1.0000000000000002,51
DREM,"[""AGEP"", ""DVET"", ""INDP"", ""NPF"", ""PWGTP"", ""RAC1P"", ""SEX""]",7,0.5416666666666666,0.9411764705882353,1.0,0.9411764705882353,0.7291553813642471,51,51,0.27133683161482736,0.4029107454564981,0.6742475770713254,48,0.07410012966611734,0.9258998703338824,0.9999999999999998,48
DREM,"[""AGEP"", ""DVET"", ""INDP"", ""NPF"", ""PWGTP"", ""RAC1P"", ""SEX""]",7,0.5490196078431373,1.0,1.0,1.0,0.7254791093677453,51,51,0.26347772900257166,0.41384708550368815,0.6773248145062598,51,0.07004661989853167,0.9299533801014686,1.0000000000000002,51
POVPIP,"[""AGEP"", ""DVET"", ""INDP_CAT"", ""NPF"", ""RAC1P"", ""WGTP""]",6,0.6875,0.9411764705882353,1.0,0.9411764705882353,0.6562334996883541,51,51,0.25387387969303776,0.5466692858410841,0.8005431655341219,48,0.07410012966611734,0.9258998703338824,0.9999999999999998,48
POVPIP,"[""AGEP"", ""DVET"", ""INDP_CAT"", ""NPF"", ""RAC1P"", ""WGTP""]",6,0.66,0.9803921568627451,1.0,0.9803921568627451,0.6699852782451159,51,51,0.2540922472726731,0.5215382605023261,0.7756305077749992,50,0.07134759913335886,0.9286524008666414,1.0000000000000002,50
POVPIP,"[""AGEP"", ""DVET"", ""INDP_CAT"", ""NPF"", ""RAC1P"", ""WGTP""]",6,0.6470588235294118,1.0,0.9803921568627451,1.0,0.6388755096383378,51,51,0.25379453093973925,0.5098605845450522,0.7636551154847915,51,0.09957599462038891,0.8969543127385502,0.9965303073589391,51
DPHY,"[""AGEP"", ""DVET"", ""MSP"", ""PINCP"", ""PINCP_DECILE"", ""POVPIP"", ""PWGTP""]",7,0.673469387755102,0.9607843137254902,1.0,0.9607843137254902,0.6632498552394248,51,51,0.25413297683617986,0.5337920531457013,0.7879250299818812,49,0.07269781922049645,0.9273021807795035,1.0,49
DPHY,"[""AGEP"", ""DVET"", ""MSP"", ""PINCP"", ""PINCP_DECILE"", ""POVPIP"", ""PWGTP""]",7,0.6862745098039216,1.0,1.0,1.0,0.6568468081060308,51,51,0.2469932106516889,0.5497300046930566,0.7967232153447454,51,0.07004661989853167,0.9299533801014686,1.0000000000000002,51
DPHY,"[""AGEP"", ""EDU"", ""HISP"", ""HOUSING_TYPE"", ""NOC"", ""PUMA"", ""WGTP""]",7,0.5106382978723404,0.9215686274509803,1.0,0.9215686274509803,0.7446697506887094,51,51,0.27481991218090995,0.37242453748226845,0.6472444496631784,47,0.07555760416399637,0.9244423958360036,1.0,47
DPHY,"[""AGEP"", ""EDU"", ""HISP"", ""HOUSING_TYPE"", ""NOC"", ""PUMA"", ""WGTP""]",7,0.52,0.9803921568627451,1.0,0.9803921568627451,0.7399895708122233,51,51,0.26691119823377346,0.38511744890044614,0.6520286471342196,50,0.07134759913335886,0.9286524008666414,1.0000000000000002,50
DPHY,"[""AGEP"", ""EDU"", ""HISP"", ""HOUSING_TYPE"", ""NOC"", ""PUMA"", ""WGTP""]",7,0.5098039215686274,1.0,1.0,1.0,0.745087839423762,51,51,0.26461590211059555,0.376809238945697,0.6414251410562926,51,0.07004661989853167,0.9299533801014686,1.0000000000000002,51
POVPIP,"[""AGEP"", ""EDU"", ""HISP"", ""HOUSING_TYPE"", ""NOC"", ""PUMA"", ""WGTP""]",7,0.6530612244897959,0.9607843137254902,1.0,0.9607843137254902,0.6734548440979858,51,51,0.25764412878488296,0.5131119428697273,0.7707560716546102,49,0.07269781922049645,0.9273021807795035,1.0,49
POVPIP,"[""AGEP"", ""EDU"", ""HISP"", ""HOUSING_TYPE"", ""NOC"", ""PUMA"", ""WGTP""]",7,0.6274509803921569,1.0,1.0,1.0,0.6862610891115295,51,51,0.256542670648847,0.49025213468850876,0.7467948053373558,51,0.07004661989853167,0.9299533801014686,1.0000000000000002,51
DEAR,"[""AGEP"", ""EDU"", ""INDP"", ""MSP"", ""NPF"", ""POVPIP"", ""PWGTP""]",7,0.05,1.0,1.0,1.0,0.9749947368975063,40,40,0.15121810630526125,0.013820667386148353,0.1650387736914096,40,0.08762160119728679,0.9123783988027134,1.0000000000000002,40
POVPIP,"[""AGEP"", ""EDU"", ""INDP"", ""NPF"", ""OWN_RENT"", ""PWGTP"", ""SEX""]",7,0.6078431372549019,1.0,1.0,1.0,0.6960656816976657,51,51,0.25887500034291844,0.4708515898394834,0.7297265901824018,51,0.07004661989853167,0.9299533801014686,1.0000000000000002,51
DPHY,"[""AGEP"", ""EDU"", ""INDP"", ""OWN_RENT"", ""PINCP"", ""POVPIP"", ""PWGTP""]",7,0.68,0.9803921568627451,1.0,0.9803921568627451,0.6599843583692047,51,51,0.2505208104748723,0.5418970269185593,0.7924178373934316,50,0.07134759913335886,0.9286524008666414,1.0000000000000002,50
DPHY,"[""AGEP"", ""EDU"", ""INDP"", ""OWN_RENT"", ""PINCP"", ""POVPIP"", ""PWGTP""]",7,0.6862745098039216,1.0,1.0,1.0,0.6568468081060308,51,51,0.2469932106516889,0.5497300046930566,0.7967232153447454,51,0.07004661989853167,0.9299533801014686,1.0000000000000002,51
DENSITY,"[""AGEP"", ""EDU"", ""INDP"", ""PINCP_DECILE"", ""POVPIP"", ""PWGTP"", ""SEX""]",7,0.3333333333333333,1.0,1.0,1.0,0.8333258334458316,51,51,0.2506169028944068,0.21969931853588515,0.47031622143029195,51,0.07004661989853167,0.9299533801014686,1.0000000000000002,51
HOUSING_TYPE,"[""AGEP"", ""EDU"", ""NOC"", ""NPF"", ""OWN_RENT"", ""PUMA"", ""PWGTP""]",7,0.8666666666666667,1.0,1.0,1.0,0.5666291694789555,15,15,0.34145856922015827,0.6211801716767764,0.9626387408969347,15,0.20388330103584884,0.7961166989641514,1.0000000000000002,15
OWN_RENT,"[""AGEP"", ""HISP"", ""HOUSING_TYPE"", ""NPF"", ""PINCP"", ""PINCP_DECILE"", ""WGTP""]",7,0.3333333333333333,0.9411764705882353,1.0,0.9411764705882353,0.8333255245044124,51,51,0.25783109599233445,0.21676780694818568,0.4745989029405201,48,0.07410012966611734,0.9258998703338824,0.9999999999999998,48
OWN_RENT,"[""AGEP"", ""HISP"", ""HOUSING_TYPE"", ""NPF"", ""PINCP"", ""PINCP_DECILE"", ""WGTP""]",7,0.3137254901960784,1.0,1.0,1.0,0.8431299692938368,51,51,0.24699321065168894,0.2032767846552545,0.45026999530694345,51,0.07004661989853167,0.9299533801014686,1.0000000000000002,51
PWGTP__discretized,"[""AGEP"", ""HISP"", ""INDP"", ""MSP"", ""OWN_RENT"", ""SEX"", ""WGTP""]",7,0.6274509803921569,1.0,1.0,1.0,0.6862610891115295,51,51,0.256542670648847,0.49025213468850876,0.7467948053373558,51,0.07004661989853167,0.9299533801014686,1.0000000000000002,51
EDU,"[""AGEP"", ""HISP"", ""INDP_CAT"", ""MSP"", ""NOC"", ""PUMA"", ""PWGTP""]",7,0.45098039215686275,1.0,1.0,1.0,0.7745006969445885,51,51,0.2634777290025719,0.32267518549374014,0.586152914496312,51,0.07004661989853167,0.9299533801014686,1.0000000000000002,51
DEYE,"[""AGEP"", ""HISP"", ""PINCP"", ""PINCP_DECILE"", ""PUMA"", ""RAC1P"", ""WGTP""]",7,0.08333333333333333,1.0,1.0,1.0,0.9583278788473822,24,24,0.2353292066350635,0.023158815297043313,0.2584880219321068,24,0.13797620467498017,0.8620237953250198,1.0,24
NPF,"[""AGEP"", ""HOUSING_TYPE"", ""INDP"", ""INDP_CAT"", ""POVPIP"", ""PUMA"", ""PWGTP""]",7,0.43137254901960786,1.0,1.0,1.0,0.7843049325413823,51,51,0.26233461782788203,0.30501236107909546,0.5673469789069775,51,0.07004661989853167,0.9299533801014686,1.0000000000000002,51
DEAR,"[""AGEP"", ""HOUSING_TYPE"", ""INDP"", ""NPF"", ""OWN_RENT"", ""PWGTP"", ""SEX""]",7,0.125,1.0,1.0,1.0,0.937494285779591,40,40,0.20652619587905696,0.05459500250945403,0.261121198388511,40,0.08762160119728679,0.9123783988027134,1.0000000000000002,40
DPHY,"[""AGEP"", ""HOUSING_TYPE"", ""INDP_CAT"", ""NPF"", ""OWN_RENT"", ""SEX"", ""WGTP""]",7,0.6382978723404256,0.9215686274509803,1.0,0.9215686274509803,0.6808361505318625,51,51,0.2649789021949074,0.4953589653479511,0.7603378675428585,47,0.07555760416399637,0.9244423958360036,1.0,47
DPHY,"[""AGEP"", ""HOUSING_TYPE"", ""INDP_CAT"", ""NPF"", ""OWN_RENT"", ""SEX"", ""WGTP""]",7,0.6530612244897959,0.9607843137254902,1.0,0.9607843137254902,0.6734548440979858,51,51,0.25764412878488296,0.5131119428697273,0.7707560716546102,49,0.07269781922049645,0.9273021807795035,1.0,49
DPHY,"[""AGEP"", ""HOUSING_TYPE"", ""INDP_CAT"", ""NPF"", ""OWN_RENT"", ""SEX"", ""WGTP""]",7,0.64,0.9803921568627451,1.0,0.9803921568627451,0.6799860959043914,51,51,0.25720233472040566,0.501410168761127,0.7586125034815326,50,0.07134759913335886,0.9286524008666414,1.0000000000000002,50
DPHY,"[""AGEP"", ""HOUSING_TYPE"", ""INDP_CAT"", ""NPF"", ""OWN_RENT"", ""SEX"", ""WGTP""]",7,0.6470588235294118,1.0,1.0,1.0,0.6764564219700049,51,51,0.25379453093973925,0.5098605845450522,0.7636551154847915,51,0.07004661989853167,0.9299533801014686,1.0000000000000002,51
DREM,"[""AGEP"", ""HOUSING_TYPE"", ""MSP"", ""PINCP_DECILE"", ""PWGTP"", ""RAC1P"", ""WGTP""]",7,0.7647058823529411,1.0,1.0,1.0,0.6176258097266158,51,51,0.22757276325702447,0.632377748398347,0.8599505116553715,51,0.07004661989853167,0.9299533801014686,1.0000000000000002,51
NPF,"[""AGEP"", ""INDP"", ""INDP_CAT"", ""OWN_RENT"", ""PINCP"", ""POVPIP"", ""PWGTP""]",7,0.39215686274509803,1.0,1.0,1.0,0.8039133429563249,51,51,0.2588750003429186,0.270273409817598,0.5291484101605166,51,0.07004661989853167,0.9299533801014686,1.0000000000000002,51
DENSITY,"[""AGEP"", ""MSP"", ""NOC"", ""PINCP"", ""PINCP_DECILE"", ""POVPIP"", ""PUMA""]",7,1.0,0.9607843137254902,1.0,0.9607843137254902,0.0,51,51,0.07269781922049645,0.9273021807795035,1.0,49,0.07269781922049645,0.9273021807795035,1.0,49
DENSITY,"[""AGEP"", ""MSP"", ""NOC"", ""PINCP"", ""PINCP_DECILE"", ""POVPIP"", ""PUMA""]",7,1.0,1.0,1.0,1.0,0.0,51,51,0.07004661989853167,0.9299533801014686,1.0000000000000002,51,0.07004661989853167,0.9299533801014686,1.0000000000000002,51
HOUSING_TYPE,"[""AGEP"", ""NOC"", ""NPF"", ""PINCP"", ""POVPIP"", ""PUMA""]",6,1.0,0.6666666666666666,1.0,0.6666666666666666,0.0,15,15,0.27753279986288926,0.7224672001371106,0.9999999999999999,10,0.27753279986288926,0.7224672001371106,0.9999999999999999,10
HOUSING_TYPE,"[""AGEP"", ""NOC"", ""NPF"", ""PINCP"", ""POVPIP"", ""PUMA""]",6,1.0,0.9333333333333333,1.0,0.9333333333333333,0.0,15,15,0.21531080273763603,0.7846891972623642,1.0000000000000002,14,0.21531080273763603,0.7846891972623642,1.0000000000000002,14
HOUSING_TYPE,"[""AGEP"", ""NOC"", ""NPF"", ""PINCP"", ""POVPIP"", ""PUMA""]",6,1.0,1.0,1.0,1.0,0.0,15,15,0.20388330103584884,0.7961166989641514,1.0000000000000002,15,0.20388330103584884,0.7961166989641514,1.0000000000000002,15
AGEP__discretized,"[""DEAR"", ""DENSITY"", ""DEYE"", ""DPHY"", ""DREM"", ""DVET"", ""EDU"", ""HISP"", ""HOUSING_TYPE"", ""INDP"", ""INDP_CAT"", ""MSP"", ""NOC"", ""NPF"", ""OWN_RENT"", ""PINCP"", ""PINCP_DECILE"", ""POVPIP"", ""PUMA"", ""PWGTP"", ""RAC1P"", ""SEX"", ""WGTP""]",23,0.32653061224489793,0.9607843137254902,1.0,0.9607843137254902,0.8367271813140259,51,51,0.25413297683617986,0.21207497001811862,0.46620794685429845,49,0.07269781922049645,0.9273021807795035,1.0,49
AGEP__discretized,"[""DEAR"", ""DENSITY"", ""DEYE"", ""DPHY"", ""DREM"", ""DVET"", ""EDU"", ""HISP"", ""HOUSING_TYPE"", ""INDP"", ""INDP_CAT"", ""MSP"", ""NOC"", ""NPF"", ""OWN_RENT"", ""PINCP"", ""PINCP_DECILE"", ""POVPIP"", ""PUMA"", ""PWGTP"", ""RAC1P"", ""SEX"", ""WGTP""]",23,0.3137254901960784,1.0,1.0,1.0,0.8431299692938368,51,51,0.24699321065168894,0.2032767846552545,0.45026999530694345,51,0.07004661989853167,0.9299533801014686,1.0000000000000002,51
OWN_RENT,"[""DEAR"", ""DENSITY"", ""HISP"", ""PINCP"", ""POVPIP"", ""PWGTP"", ""RAC1P""]",7,0.32653061224489793,0.9607843137254902,1.0,0.9607843137254902,0.8367271813140259,51,51,0.25413297683617986,0.21207497001811862,0.46620794685429845,49,0.07269781922049645,0.9273021807795035,1.0,49
OWN_RENT,"[""DEAR"", ""DENSITY"", ""HISP"", ""PINCP"", ""POVPIP"", ""PWGTP"", ""RAC1P""]",7,0.34,0.9803921568627451,1.0,0.9803921568627451,0.8299924135479761,51,51,0.2540922472726731,0.2243694922250009,0.478461739497674,50,0.07134759913335886,0.9286524008666414,1.0000000000000002,50
OWN_RENT,"[""DEAR"", ""DENSITY"", ""HISP"", ""PINCP"", ""POVPIP"", ""PWGTP"", ""RAC1P""]",7,0.35294117647058826,1.0,0.9803921568627451,1.0,0.7985664820474165,51,51,0.25379453093973914,0.23634488451520858,0.4901394154549477,51,0.09957599462038891,0.8969543127385502,0.9965303073589391,51
AGEP__discretized,"[""DEAR"", ""DEYE"", ""HISP"", ""NPF"", ""PINCP"", ""POVPIP"", ""PWGTP""]",7,0.19148936170212766,0.9215686274509803,1.0,0.9215686274509803,0.9042484217956619,51,51,0.22128071881119502,0.1041593269854226,0.3254400457966176,47,0.07555760416399637,0.9244423958360036,1.0,47
AGEP__discretized,"[""DEAR"", ""DEYE"", ""HISP"", ""NPF"", ""PINCP"", ""POVPIP"", ""PWGTP""]",7,0.1875,0.9411764705882353,1.0,0.9411764705882353,0.9062435548817157,51,51,0.21748476194437047,0.10191390954847648,0.31939867149284695,48,0.07410012966611734,0.9258998703338824,0.9999999999999998,48
AGEP__discretized,"[""DEAR"", ""DEYE"", ""HISP"", ""NPF"", ""PINCP"", ""POVPIP"", ""PWGTP""]",7,0.18,0.9803921568627451,0.98,0.9803921568627451,0.8877989193933125,51,51,0.21025861004066604,0.09770192670234178,0.30796053674300783,50,0.10141517662473187,0.895045564103622,0.9964607407283539,50
AGEP__discretized,"[""DEAR"", ""DEYE"", ""HISP"", ""NPF"", ""PINCP"", ""POVPIP"", ""PWGTP""]",7,0.17647058823529413,1.0,0.9803921568627451,1.0,0.8900500956101834,51,51,0.20681739055181753,0.09572403469126317,0.3025414252430807,51,0.09957599462038891,0.8969543127385502,0.9965303073589391,51
PINCP_DECILE,"[""DEAR"", ""EDU"", ""MSP"", ""NPF"", ""PINCP"", ""PUMA"", ""PWGTP""]",7,0.84,0.9803921568627451,1.0,0.9803921568627451,0.5799687201021753,51,51,0.2017679538500159,0.7148578393696501,0.916625793219666,50,0.07134759913335886,0.9286524008666414,1.0000000000000002,50
PINCP_DECILE,"[""DEAR"", ""EDU"", ""MSP"", ""NPF"", ""PINCP"", ""PUMA"", ""PWGTP""]",7,0.8431372549019608,1.0,1.0,1.0,0.5783994995809212,51,51,0.19841223552939058,0.7198955322701224,0.918307767799513,51,0.07004661989853167,0.9299533801014686,1.0000000000000002,51
DVET,"[""DEAR"", ""EDU"", ""NOC"", ""PINCP"", ""PUMA"", ""SEX"", ""WGTP""]",7,0.0,1.0,1.0,1.0,0.9999950000499995,11,11,0.2588329669680317,0.0,0.2588329669680317,11,0.25883296696803193,0.7411670330319683,1.0000000000000002,11
AGEP__discretized,"[""DEAR"", ""MSP"", ""NPF"", ""OWN_RENT"", ""PINCP"", ""PUMA"", ""PWGTP""]",7,0.32608695652173914,0.9019607843137255,1.0,0.9019607843137255,0.8369475854967032,51,51,0.26166324271421937,0.2086594330925565,0.47032267580677584,46,0.07707356308558055,0.9229264369144197,1.0000000000000002,46
AGEP__discretized,"[""DEAR"", ""MSP"", ""NPF"", ""OWN_RENT"", ""PINCP"", ""PUMA"", ""PWGTP""]",7,0.3191489361702128,0.9215686274509803,1.0,0.9215686274509803,0.8404174387052225,51,51,0.2577196435346541,0.20395378749637438,0.4616734310310285,47,0.07555760416399637,0.9244423958360036,1.0,47
AGEP__discretized,"[""DEAR"", ""MSP"", ""NPF"", ""OWN_RENT"", ""PINCP"", ""PUMA"", ""PWGTP""]",7,0.3125,0.9411764705882353,0.9791666666666666,0.9411764705882353,0.818174469767289,51,51,0.25387387969303776,0.19945683446587817,0.4533307141589159,48,0.10530506897500802,0.8910078200474814,0.9963128890224894,48
AGEP__discretized,"[""DEAR"", ""MSP"", ""NPF"", ""OWN_RENT"", ""PINCP"", ""PUMA"", ""PWGTP""]",7,0.29411764705882354,1.0,0.9803921568627451,1.0,0.8292414795365562,51,51,0.24290349155550944,0.18708726420135469,0.42999075575686413,51,0.09957599462038891,0.8969543127385502,0.9965303073589391,51
DREM,"[""DEAR"", ""MSP"", ""NPF"", ""PINCP"", ""PINCP_DECILE"", ""POVPIP"", ""PWGTP""]",7,0.23255813953488372,0.8431372549019608,1.0,0.8431372549019608,0.8837078334461989,51,51,0.2459084181842452,0.13153678479384479,0.37744520297809,43,0.08200980322579121,0.9179901967742088,1.0,43
DREM,"[""DEAR"", ""MSP"", ""NPF"", ""PINCP"", ""PINCP_DECILE"", ""POVPIP"", ""PWGTP""]",7,0.2916666666666667,0.9411764705882353,1.0,0.9411764705882353,0.8541593056409932,51,51,0.2493768088305516,0.18241578926516536,0.43179259809571696,48,0.07410012966611734,0.9258998703338824,0.9999999999999998,48
DREM,"[""DEAR"", ""MSP"", ""NPF"", ""PINCP"", ""PINCP_DECILE"", ""POVPIP"", ""PWGTP""]",7,0.30612244897959184,0.9607843137254902,1.0,0.9607843137254902,0.8469314822534613,51,51,0.2501240229090408,0.19515491268006566,0.4452789355891064,49,0.07269781922049645,0.9273021807795035,1.0,49
DREM,"[""DEAR"", ""MSP"", ""NPF"", ""PINCP"", ""PINCP_DECILE"", ""POVPIP"", ""PWGTP""]",7,0.3,0.9803921568627451,0.98,0.9803921568627451,0.8257073367623491,51,51,0.2464679696357246,0.1910355350088095,0.4375035046445341,50,0.10141517662473187,0.895045564103622,0.9964607407283539,50
DREM,"[""DEAR"", ""MSP"", ""NPF"", ""PINCP"", ""PINCP_DECILE"", ""POVPIP"", ""PWGTP""]",7,0.29411764705882354,1.0,0.9607843137254902,1.0,0.8055488658355119,51,51,0.24290349155550944,0.18708726420135469,0.42999075575686413,51,0.12134197320075546,0.8678369434463774,0.9891789166471329,51
HISP,"[""DENSITY"", ""DPHY"", ""DVET"", ""NPF"", ""PINCP_DECILE"", ""PWGTP"", ""WGTP""]",7,0.29411764705882354,1.0,1.0,1.0,0.8529340932376006,51,51,0.24290349155550944,0.18708726420135469,0.42999075575686413,51,0.07004661989853167,0.9299533801014686,1.0000000000000002,51
POVPIP,"[""DENSITY"", ""EDU"", ""HISP"", ""OWN_RENT"", ""PINCP"", ""PWGTP"", ""SEX""]",7,0.62,0.9803921568627451,1.0,0.9803921568627451,0.6899868274860749,51,51,0.2598676375881343,0.4815044693099298,0.7413721068980641,50,0.07134759913335886,0.9286524008666414,1.0000000000000002,50
POVPIP,"[""DENSITY"", ""EDU"", ""HISP"", ""OWN_RENT"", ""PINCP"", ""PWGTP"", ""SEX""]",7,0.6078431372549019,1.0,1.0,1.0,0.6960656816976657,51,51,0.25887500034291844,0.4708515898394834,0.7297265901824018,51,0.07004661989853167,0.9299533801014686,1.0000000000000002,51
SEX,"[""DENSITY"", ""EDU"", ""HOUSING_TYPE"", ""INDP_CAT"", ""PINCP_DECILE"", ""PWGTP"", ""WGTP""]",7,0.74,0.9803921568627451,1.0,0.9803921568627451,0.6299807495661942,51,51,0.23681629771296453,0.6044684273515116,0.8412847250644762,50,0.07134759913335886,0.9286524008666414,1.0000000000000002,50
SEX,"[""DENSITY"", ""EDU"", ""HOUSING_TYPE"", ""INDP_CAT"", ""PINCP_DECILE"", ""PWGTP"", ""WGTP""]",7,0.7450980392156863,1.0,1.0,1.0,0.6274313657770378,51,51,0.23322513681861456,0.6113171816155625,0.844542318434177,51,0.07004661989853167,0.9299533801014686,1.0000000000000002,51
OWN_RENT,"[""DENSITY"", ""EDU"", ""INDP"", ""PINCP"", ""PINCP_DECILE"", ""SEX"", ""WGTP""]",7,0.2727272727272727,0.8627450980392157,1.0,0.8627450980392157,0.8636251595731512,51,51,0.25502491468607813,0.16346381623843378,0.41848873092451194,44,0.08029560375848066,0.9197043962415193,1.0,44
OWN_RENT,"[""DENSITY"", ""EDU"", ""INDP"", ""PINCP"", ""PINCP_DECILE"", ""SEX"", ""WGTP""]",7,0.32,0.9803921568627451,1.0,0.9803921568627451,0.8399926364797787,51,51,0.25052081047487224,0.20758216260656848,0.4581029730814407,50,0.07134759913335886,0.9286524008666414,1.0000000000000002,50
OWN_RENT,"[""DENSITY"", ""EDU"", ""INDP"", ""PINCP"", ""PINCP_DECILE"", ""SEX"", ""WGTP""]",7,0.3137254901960784,1.0,1.0,1.0,0.8431299692938368,51,51,0.24699321065168894,0.2032767846552545,0.45026999530694345,51,0.07004661989853167,0.9299533801014686,1.0000000000000002,51
EDU,"[""DENSITY"", ""HOUSING_TYPE"", ""MSP"", ""PINCP_DECILE"", ""POVPIP"", ""PWGTP"", ""WGTP""]",7,0.19148936170212766,0.9215686274509803,1.0,0.9215686274509803,0.9042484217956619,51,51,0.22128071881119502,0.1041593269854226,0.3254400457966176,47,0.07555760416399637,0.9244423958360036,1.0,47
EDU,"[""DENSITY"", ""HOUSING_TYPE"", ""MSP"", ""PINCP_DECILE"", ""POVPIP"", ""PWGTP"", ""WGTP""]",7,0.2,0.9803921568627451,0.98,0.9803921568627451,0.8774938963935031,51,51,0.21793355916449308,0.11243750015776112,0.3303710593222542,50,0.10141517662473187,0.895045564103622,0.9964607407283539,50
EDU,"[""DENSITY"", ""HOUSING_TYPE"", ""MSP"", ""PINCP_DECILE"", ""POVPIP"", ""PWGTP"", ""WGTP""]",7,0.19607843137254902,1.0,0.9803921568627451,1.0,0.8799556730525795,51,51,0.21442736968898918,0.1101534251246669,0.3245807948136561,51,0.09957599462038891,0.8969543127385502,0.9965303073589391,51
DEYE,"[""DENSITY"", ""INDP"", ""INDP_CAT"", ""NPF"", ""PINCP_DECILE"", ""PWGTP"", ""WGTP""]",7,0.041666666666666664,1.0,1.0,1.0,0.9791614493298041,24,24,0.1950246086210536,0.0073934561655057815,0.20241806478655938,24,0.13797620467498017,0.8620237953250198,1.0,24
AGEP__discretized,"[""DENSITY"", ""INDP"", ""NOC"", ""OWN_RENT"", ""PWGTP"", ""RAC1P"", ""WGTP""]",7,0.25,0.9411764705882353,1.0,0.9411764705882353,0.8749930363622083,51,51,0.23863739135710052,0.1492063367379791,0.3878437280950796,48,0.07410012966611734,0.9258998703338824,0.9999999999999998,48
AGEP__discretized,"[""DENSITY"", ""INDP"", ""NOC"", ""OWN_RENT"", ""PWGTP"", ""RAC1P"", ""WGTP""]",7,0.24489795918367346,0.9607843137254902,1.0,0.9607843137254902,0.8775443136750031,51,51,0.2348397372926418,0.14602345258339755,0.38086318987603934,49,0.07269781922049645,0.9273021807795035,1.0,49
AGEP__discretized,"[""DENSITY"", ""INDP"", ""NOC"", ""OWN_RENT"", ""PWGTP"", ""RAC1P"", ""WGTP""]",7,0.24,0.9803921568627451,1.0,0.9803921568627451,0.879993410823697,51,51,0.23115292360951195,0.14297391396991732,0.37412683757942927,50,0.07134759913335886,0.9286524008666414,1.0000000000000002,50
AGEP__discretized,"[""DENSITY"", ""INDP"", ""NOC"", ""OWN_RENT"", ""PWGTP"", ""RAC1P"", ""WGTP""]",7,0.23529411764705882,1.0,0.9803921568627451,1.0,0.8597221360619614,51,51,0.22757276325702447,0.14004948834462844,0.3676222516016529,51,0.09957599462038891,0.8969543127385502,0.9965303073589391,51
SEX,"[""DENSITY"", ""INDP_CAT"", ""PINCP"", ""POVPIP"", ""PUMA"", ""PWGTP"", ""RAC1P""]",7,0.48936170212765956,0.9215686274509803,1.0,0.9215686274509803,0.7553084965377459,51,51,0.2748199121809099,0.35275555033682154,0.6275754625177314,47,0.07555760416399637,0.9244423958360036,1.0,47
SEX,"[""DENSITY"", ""INDP_CAT"", ""PINCP"", ""POVPIP"", ""PUMA"", ""PWGTP"", ""RAC1P""]",7,0.52,0.9803921568627451,1.0,0.9803921568627451,0.7399895708122233,51,51,0.26691119823377346,0.38511744890044614,0.6520286471342196,50,0.07134759913335886,0.9286524008666414,1.0000000000000002,50
SEX,"[""DENSITY"", ""INDP_CAT"", ""PINCP"", ""POVPIP"", ""PUMA"", ""PWGTP"", ""RAC1P""]",7,0.5098039215686274,1.0,0.9803921568627451,1.0,0.7152843258468115,51,51,0.26461590211059555,0.376809238945697,0.6414251410562926,51,0.09957599462038891,0.8969543127385502,0.9965303073589391,51
AGEP__discretized,"[""DENSITY"", ""NPF"", ""OWN_RENT"", ""PINCP"", ""PUMA"", ""PWGTP"", ""WGTP""]",7,0.16,0.9803921568627451,1.0,0.9803921568627451,0.9199940375995685,51,51,0.2017679538500159,0.08337420678033404,0.2851421606303499,50,0.07134759913335886,0.9286524008666414,1.0000000000000002,50
AGEP__discretized,"[""DENSITY"", ""NPF"", ""OWN_RENT"", ""PINCP"", ""PUMA"", ""PWGTP"", ""WGTP""]",7,0.1568627450980392,1.0,0.9803921568627451,1.0,0.9001310066541344,51,51,0.19841223552939055,0.08169223220048707,0.2801044677298776,51,0.09957599462038891,0.8969543127385502,0.9965303073589391,51
DVET,"[""DEYE"", ""DPHY"", ""PINCP"", ""POVPIP"", ""PUMA"", ""PWGTP"", ""RAC1P""]",7,0.0,1.0,1.0,1.0,0.9999950000499995,11,11,0.2588329669680317,0.0,0.2588329669680317,11,0.25883296696803193,0.7411670330319683,1.0000000000000002,11
HOUSING_TYPE,"[""DEYE"", ""DVET"", ""EDU"", ""INDP"", ""MSP"", ""PWGTP"", ""WGTP""]",7,0.8666666666666667,1.0,1.0,1.0,0.5666291694789555,15,15,0.34145856922015827,0.6211801716767764,0.9626387408969347,15,0.20388330103584884,0.7961166989641514,1.0000000000000002,15
DPHY,"[""DEYE"", ""DVET"", ""EDU"", ""PINCP"", ""PUMA"", ""PWGTP"", ""SEX""]",7,0.5217391304347826,0.9019607843137255,1.0,0.9019607843137255,0.7391181742630836,51,51,0.27737897493150304,0.3813741307280402,0.6587531056595433,46,0.07707356308558055,0.9229264369144197,1.0000000000000002,46
DPHY,"[""DEYE"", ""DVET"", ""EDU"", ""PINCP"", ""PUMA"", ""PWGTP"", ""SEX""]",7,0.5294117647058824,1.0,1.0,1.0,0.7352834928728351,51,51,0.2642370558040395,0.3952330421009646,0.6594700979050041,51,0.07004661989853167,0.9299533801014686,1.0000000000000002,51
HOUSING_TYPE,"[""DEYE"", ""DVET"", ""EDU"", ""PINCP"", ""PUMA"", ""PWGTP"", ""SEX""]",7,0.06666666666666667,1.0,1.0,1.0,0.9666613095812069,15,15,0.28629840324453165,0.011866895493268559,0.29816529873780023,15,0.20388330103584884,0.7961166989641514,1.0000000000000002,15
DVET,"[""DEYE"", ""EDU"", ""INDP_CAT"", ""MSP"", ""NOC"", ""POVPIP"", ""PWGTP""]",7,0.0,1.0,1.0,1.0,0.9999950000499995,11,11,0.2588329669680317,0.0,0.2588329669680317,11,0.25883296696803193,0.7411670330319683,1.0000000000000002,11
PINCP,"[""DEYE"", ""EDU"", ""INDP_CAT"", ""NPF"", ""PUMA"", ""PWGTP"", ""RAC1P""]",7,0.5416666666666666,0.9411764705882353,1.0,0.9411764705882353,0.7291553813642471,51,51,0.27133683161482736,0.4029107454564981,0.6742475770713254,48,0.07410012966611734,0.9258998703338824,0.9999999999999998,48
PINCP,"[""DEYE"", ""EDU"", ""INDP_CAT"", ""NPF"", ""PUMA"", ""PWGTP"", ""RAC1P""]",7,0.5306122448979592,0.9607843137254902,1.0,0.9607843137254902,0.7346831190846299,51,51,0.2691563232316295,0.39380863983661896,0.6629649630682485,49,0.07269781922049645,0.9273021807795035,1.0,49
PINCP,"[""DEYE"", ""EDU"", ""INDP_CAT"", ""NPF"", ""PUMA"", ""PWGTP"", ""RAC1P""]",7,0.5098039215686274,1.0,1.0,1.0,0.745087839423762,51,51,0.26461590211059555,0.376809238945697,0.6414251410562926,51,0.07004661989853167,0.9299533801014686,1.0000000000000002,51
SEX,"[""DEYE"", ""EDU"", ""POVPIP"", ""PUMA"", ""PWGTP"", ""RAC1P"", ""WGTP""]",7,0.3695652173913043,0.9019607843137255,1.0,0.9019607843137255,0.8152079020223129,51,51,0.26876148985770665,0.24523754590839628,0.513999035766103,46,0.07707356308558055,0.9229264369144197,1.0000000000000002,46
SEX,"[""DEYE"", ""EDU"", ""POVPIP"", ""PUMA"", ""PWGTP"", ""RAC1P"", ""WGTP""]",7,0.3877551020408163,0.9607843137254902,1.0,0.9607843137254902,0.8061141904399837,51,51,0.26324988844743885,0.26429011711735667,0.5275400055647955,49,0.07269781922049645,0.9273021807795035,1.0,49
SEX,"[""DEYE"", ""EDU"", ""POVPIP"", ""PUMA"", ""PWGTP"", ""RAC1P"", ""WGTP""]",7,0.38,0.9803921568627451,1.0,0.9803921568627451,0.8099919245177404,51,51,0.2598676375881342,0.25862789310193596,0.5184955306900701,50,0.07134759913335886,0.9286524008666414,1.0000000000000002,50
SEX,"[""DEYE"", ""EDU"", ""POVPIP"", ""PUMA"", ""PWGTP"", ""RAC1P"", ""WGTP""]",7,0.37254901960784315,1.0,1.0,1.0,0.8137175215730783,51,51,0.25654267064884695,0.25320519466264424,0.5097478653114912,51,0.07004661989853167,0.9299533801014686,1.0000000000000002,51
RAC1P,"[""DEYE"", ""HOUSING_TYPE"", ""NOC"", ""NPF"", ""PINCP"", ""POVPIP"", ""PWGTP""]",7,0.2653061224489796,0.9607843137254902,1.0,0.9607843137254902,0.8673400474423417,51,51,0.2405100683635338,0.16211282134957408,0.4026228897131079,49,0.07269781922049645,0.9273021807795035,1.0,49
RAC1P,"[""DEYE"", ""HOUSING_TYPE"", ""NOC"", ""NPF"", ""PINCP"", ""POVPIP"", ""PWGTP""]",7,0.2549019607843137,1.0,1.0,1.0,0.8725423091715885,51,51,0.23322513681861456,0.15545768156582296,0.3886828183844375,51,0.07004661989853167,0.9299533801014686,1.0000000000000002,51
OWN_RENT,"[""DEYE"", ""MSP"", ""PINCP"", ""POVPIP"", ""PWGTP"", ""RAC1P"", ""WGTP""]",7,0.3673469387755102,0.9607843137254902,1.0,0.9607843137254902,0.8163185368275179,51,51,0.2606775947052442,0.24665172968683144,0.5073293243920757,49,0.07269781922049645,0.9273021807795035,1.0,49
OWN_RENT,"[""DEYE"", ""MSP"", ""PINCP"", ""POVPIP"", ""PWGTP"", ""RAC1P"", ""WGTP""]",7,0.35294117647058826,1.0,1.0,1.0,0.8235216846113982,51,51,0.25379453093973914,0.23634488451520858,0.4901394154549477,51,0.07004661989853167,0.9299533801014686,1.0000000000000002,51
EDU,"[""DPHY"", ""DREM"", ""INDP_CAT"", ""PINCP"", ""PINCP_DECILE"", ""POVPIP"", ""PWGTP""]",7,0.4166666666666667,0.9411764705882353,1.0,0.9411764705882353,0.7916577677727462,51,51,0.2686899993761216,0.2884966777841157,0.5571866771602373,48,0.07410012966611734,0.9258998703338824,0.9999999999999998,48
EDU,"[""DPHY"", ""DREM"", ""INDP_CAT"", ""PINCP"", ""PINCP_DECILE"", ""POVPIP"", ""PWGTP""]",7,0.4,0.9803921568627451,1.0,0.9803921568627451,0.7999916555415798,51,51,0.2621017252215409,0.2760838973025655,0.5381856225241064,50,0.07134759913335886,0.9286524008666414,1.0000000000000002,50
EDU,"[""DPHY"", ""DREM"", ""INDP_CAT"", ""PINCP"", ""PINCP_DECILE"", ""POVPIP"", ""PWGTP""]",7,0.39215686274509803,1.0,1.0,1.0,0.8039133429563249,51,51,0.2588750003429186,0.270273409817598,0.5291484101605166,51,0.07004661989853167,0.9299533801014686,1.0000000000000002,51
SEX,"[""DPHY"", ""EDU"", ""HISP"", ""INDP_CAT"", ""PINCP"", ""PWGTP"", ""WGTP""]",7,0.6122448979591837,0.9607843137254902,1.0,0.9607843137254902,0.6938645350661141,51,51,0.26324988844743874,0.47245999443520453,0.7357098828826433,49,0.07269781922049645,0.9273021807795035,1.0,49
SEX,"[""DPHY"", ""EDU"", ""HISP"", ""INDP_CAT"", ""PINCP"", ""PWGTP"", ""WGTP""]",7,0.6078431372549019,1.0,1.0,1.0,0.6960656816976657,51,51,0.25887500034291844,0.4708515898394834,0.7297265901824018,51,0.07004661989853167,0.9299533801014686,1.0000000000000002,51
HISP,"[""DPHY"", ""EDU"", ""MSP"", ""NPF"", ""PINCP_DECILE"", ""POVPIP"", ""PWGTP""]",7,0.16,0.9803921568627451,1.0,0.9803921568627451,0.9199940375995685,51,51,0.2017679538500159,0.08337420678033404,0.2851421606303499,50,0.07134759913335886,0.9286524008666414,1.0000000000000002,50
HISP,"[""DPHY"", ""EDU"", ""MSP"", ""NPF"", ""PINCP_DECILE"", ""POVPIP"", ""PWGTP""]",7,0.17647058823529413,1.0,0.9803921568627451,1.0,0.8900500956101834,51,51,0.20681739055181753,0.09572403469126317,0.3025414252430807,51,0.09957599462038891,0.8969543127385502,0.9965303073589391,51
HOUSING_TYPE,"[""DPHY"", ""EDU"", ""NPF"", ""PINCP"", ""PINCP_DECILE"", ""POVPIP"", ""PWGTP""]",7,0.9333333333333333,1.0,1.0,1.0,0.5332583445816456,15,15,0.2862984032445318,0.7018347012621998,0.9881331045067316,15,0.20388330103584884,0.7961166989641514,1.0000000000000002,15
SEX,"[""DPHY"", ""INDP"", ""INDP_CAT"", ""OWN_RENT"", ""POVPIP"", ""PWGTP"", ""WGTP""]",7,0.5957446808510638,0.9215686274509803,1.0,0.9215686274509803,0.7021142879410797,51,51,0.27017842530680275,0.4534212295011096,0.7235996548079123,47,0.07555760416399637,0.9244423958360036,1.0,47
SEX,"[""DPHY"", ""INDP"", ""INDP_CAT"", ""OWN_RENT"", ""POVPIP"", ""PWGTP"", ""WGTP""]",7,0.62,0.9803921568627451,1.0,0.9803921568627451,0.6899868274860749,51,51,0.2598676375881343,0.4815044693099298,0.7413721068980641,50,0.07134759913335886,0.9286524008666414,1.0000000000000002,50
SEX,"[""DPHY"", ""INDP"", ""INDP_CAT"", ""OWN_RENT"", ""POVPIP"", ""PWGTP"", ""WGTP""]",7,0.6078431372549019,1.0,1.0,1.0,0.6960656816976657,51,51,0.25887500034291844,0.4708515898394834,0.7297265901824018,51,0.07004661989853167,0.9299533801014686,1.0000000000000002,51
EDU,"[""DPHY"", ""NPF"", ""PINCP"", ""PINCP_DECILE"", ""POVPIP"", ""PWGTP"", ""RAC1P""]",7,0.23404255319148937,0.9215686274509803,1.0,0.9215686274509803,0.8829714733712437,51,51,0.23620982963928408,0.13603274586227185,0.37224257550155593,47,0.07555760416399637,0.9244423958360036,1.0,47
EDU,"[""DPHY"", ""NPF"", ""PINCP"", ""PINCP_DECILE"", ""POVPIP"", ""PWGTP"", ""RAC1P""]",7,0.22448979591836735,0.9607843137254902,1.0,0.9607843137254902,0.8877485701479917,51,51,0.22853817086300807,0.13024970149659185,0.3587878723595999,49,0.07269781922049645,0.9273021807795035,1.0,49
EDU,"[""DPHY"", ""NPF"", ""PINCP"", ""PINCP_DECILE"", ""POVPIP"", ""PWGTP"", ""RAC1P""]",7,0.21568627450980393,1.0,0.9803921568627451,1.0,0.8698467256307187,51,51,0.22132421177764694,0.12493938408232765,0.34626359585997457,51,0.09957599462038891,0.8969543127385502,0.9965303073589391,51
DVET,"[""DREM"", ""INDP"", ""PINCP_DECILE"", ""POVPIP"", ""PUMA"", ""PWGTP"", ""RAC1P""]",7,0.0,1.0,1.0,1.0,0.9999950000499995,11,11,0.2588329669680317,0.0,0.2588329669680317,11,0.25883296696803193,0.7411670330319683,1.0000000000000002,11
WGTP__discretized,"[""DREM"", ""INDP"", ""PINCP_DECILE"", ""POVPIP"", ""PUMA"", ""PWGTP"", ""RAC1P""]",7,0.8297872340425532,0.9215686274509803,1.0,0.9215686274509803,0.5850749019328979,51,51,0.21253412096134128,0.6986022402737561,0.9111363612350973,47,0.07555760416399637,0.9244423958360036,1.0,47
WGTP__discretized,"[""DREM"", ""INDP"", ""PINCP_DECILE"", ""POVPIP"", ""PUMA"", ""PWGTP"", ""RAC1P""]",7,0.78,0.9803921568627451,1.0,0.9803921568627451,0.6099772500802556,51,51,0.2248763361103927,0.6475845041874633,0.872460840297856,50,0.07134759913335886,0.9286524008666414,1.0000000000000002,50
WGTP__discretized,"[""DREM"", ""INDP"", ""PINCP_DECILE"", ""POVPIP"", ""PUMA"", ""PWGTP"", ""RAC1P""]",7,0.7647058823529411,1.0,1.0,1.0,0.6176258097266158,51,51,0.22757276325702447,0.632377748398347,0.8599505116553715,51,0.07004661989853167,0.9299533801014686,1.0000000000000002,51
DREM,"[""DVET"", ""HISP"", ""HOUSING_TYPE"", ""INDP"", ""PINCP"", ""PWGTP"", ""WGTP""]",7,0.23809523809523808,0.8235294117647058,1.0,0.8235294117647058,0.8809361026227551,51,51,0.25046579643671185,0.13480964224647127,0.3852754386831831,42,0.08379879086570396,0.916201209134296,1.0,42
DREM,"[""DVET"", ""HISP"", ""HOUSING_TYPE"", ""INDP"", ""PINCP"", ""PWGTP"", ""WGTP""]",7,0.2727272727272727,0.8627450980392157,1.0,0.8627450980392157,0.8636251595731512,51,51,0.25502491468607813,0.16346381623843378,0.41848873092451194,44,0.08029560375848066,0.9197043962415193,1.0,44
DREM,"[""DVET"", ""HISP"", ""HOUSING_TYPE"", ""INDP"", ""PINCP"", ""PWGTP"", ""WGTP""]",7,0.2765957446808511,0.9215686274509803,0.9361702127659575,0.9215686274509803,0.7856626156767845,51,51,0.2482200025519625,0.16936563369682642,0.4175856362487889,47,0.14968075662581115,0.8283738581687556,0.9780546147945668,47
DREM,"[""DVET"", ""HISP"", ""HOUSING_TYPE"", ""INDP"", ""PINCP"", ""PWGTP"", ""WGTP""]",7,0.2857142857142857,0.9607843137254902,0.9183673469387755,0.9607843137254902,0.7591773968290791,51,51,0.24559289048967492,0.178495944588126,0.42408883507780093,49,0.1596884582979492,0.808108724034287,0.9677971823322362,49
DREM,"[""DVET"", ""HISP"", ""HOUSING_TYPE"", ""INDP"", ""PINCP"", ""PWGTP"", ""WGTP""]",7,0.28,0.9803921568627451,0.9,0.9803921568627451,0.7405495666759192,51,51,0.24190953030045334,0.1747417066591123,0.41665123695956563,50,0.17012654944290617,0.7863976856252035,0.9565242350681097,50
DREM,"[""DVET"", ""HISP"", ""HOUSING_TYPE"", ""INDP"", ""PINCP"", ""PWGTP"", ""WGTP""]",7,0.27450980392156865,1.0,0.8823529411764706,1.0,0.722834713338159,51,51,0.23832375526134209,0.17114275234644882,0.4094665076077909,51,0.17875770636404298,0.7661915568567753,0.9449492632208183,51
RAC1P,"[""DVET"", ""HISP"", ""NOC"", ""PINCP"", ""POVPIP"", ""PWGTP""]",6,0.16326530612244897,0.9607843137254902,1.0,0.9607843137254902,0.91836128815006,51,51,0.20523640063188,0.08512698370728836,0.29036338433916836,49,0.07269781922049645,0.9273021807795035,1.0,49
RAC1P,"[""DVET"", ""HISP"", ""NOC"", ""PINCP"", ""POVPIP"", ""PWGTP""]",6,0.17647058823529413,1.0,1.0,1.0,0.911758634527505,51,51,0.20681739055181753,0.09572403469126317,0.3025414252430807,51,0.07004661989853167,0.9299533801014686,1.0000000000000002,51
INDP_CAT,"[""DVET"", ""HOUSING_TYPE"", ""OWN_RENT"", ""PINCP"", ""PUMA"", ""PWGTP"", ""WGTP""]",7,0.3829787234042553,0.9215686274509803,1.0,0.9215686274509803,0.8085017546918247,51,51,0.2678275194716442,0.25790681096421997,0.5257343304358642,47,0.07555760416399637,0.9244423958360036,1.0,47
INDP_CAT,"[""DVET"", ""HOUSING_TYPE"", ""OWN_RENT"", ""PINCP"", ""PUMA"", ""PWGTP"", ""WGTP""]",7,0.35294117647058826,1.0,1.0,1.0,0.8235216846113982,51,51,0.25379453093973914,0.23634488451520858,0.4901394154549477,51,0.07004661989853167,0.9299533801014686,1.0000000000000002,51
DREM,"[""EDU"", ""HISP"", ""HOUSING_TYPE"", ""PINCP"", ""PWGTP"", ""RAC1P"", ""WGTP""]",7,0.58,0.9803921568627451,1.0,0.9803921568627451,0.7099880816026889,51,51,0.26391554876709783,0.44233441768578236,0.7062499664528802,50,0.07134759913335886,0.9286524008666414,1.0000000000000002,50
DREM,"[""EDU"", ""HISP"", ""HOUSING_TYPE"", ""PINCP"", ""PWGTP"", ""RAC1P"", ""WGTP""]",7,0.5882352941176471,1.0,1.0,1.0,0.7058702103789243,51,51,0.2608026758904748,0.4516533720637157,0.7124560479541905,51,0.07004661989853167,0.9299533801014686,1.0000000000000002,51
AGEP__discretized,"[""EDU"", ""HISP"", ""INDP"", ""MSP"", ""NOC"", ""PUMA"", ""PWGTP""]",7,0.3488372093023256,0.8431372549019608,1.0,0.8431372549019608,0.8255667651809273,51,51,0.2740962800979525,0.2241858999735271,0.49828218007147956,43,0.08200980322579121,0.9179901967742088,1.0,43
AGEP__discretized,"[""EDU"", ""HISP"", ""INDP"", ""MSP"", ""NOC"", ""PUMA"", ""PWGTP""]",7,0.3125,0.9411764705882353,1.0,0.9411764705882353,0.8437424219475168,51,51,0.25387387969303776,0.19945683446587817,0.4533307141589159,48,0.07410012966611734,0.9258998703338824,0.9999999999999998,48
AGEP__discretized,"[""EDU"", ""HISP"", ""INDP"", ""MSP"", ""NOC"", ""PUMA"", ""PWGTP""]",7,0.3,0.9803921568627451,0.98,0.9803921568627451,0.8257073367623491,51,51,0.2464679696357246,0.1910355350088095,0.4375035046445341,50,0.10141517662473187,0.895045564103622,0.9964607407283539,50
AGEP__discretized,"[""EDU"", ""HISP"", ""INDP"", ""MSP"", ""NOC"", ""PUMA"", ""PWGTP""]",7,0.29411764705882354,1.0,0.9607843137254902,1.0,0.8055488658355119,51,51,0.24290349155550944,0.18708726420135469,0.42999075575686413,51,0.12134197320075546,0.8678369434463774,0.9891789166471329,51
AGEP__discretized,"[""EDU"", ""HISP"", ""MSP"", ""PUMA"", ""PWGTP"", ""SEX"", ""WGTP""]",7,0.2608695652173913,0.9019607843137255,1.0,0.9019607843137255,0.869556981973487,51,51,0.24658267082372998,0.15600886445642598,0.40259153528015595,46,0.07707356308558055,0.9229264369144197,1.0000000000000002,46
AGEP__discretized,"[""EDU"", ""HISP"", ""MSP"", ""PUMA"", ""PWGTP"", ""SEX"", ""WGTP""]",7,0.2553191489361702,0.9215686274509803,1.0,0.9215686274509803,0.8723329834084781,51,51,0.24255021495362752,0.15253154035054697,0.3950817553041745,47,0.07555760416399637,0.9244423958360036,1.0,47
AGEP__discretized,"[""EDU"", ""HISP"", ""MSP"", ""PUMA"", ""PWGTP"", ""SEX"", ""WGTP""]",7,0.24,0.9803921568627451,0.98,0.9803921568627451,0.8568356894862312,51,51,0.23115292360951195,0.14297391396991732,0.37412683757942927,50,0.10141517662473187,0.895045564103622,0.9964607407283539,50
AGEP__discretized,"[""EDU"", ""HISP"", ""MSP"", ""PUMA"", ""PWGTP"", ""SEX"", ""WGTP""]",7,0.23529411764705882,1.0,0.9607843137254902,1.0,0.8370978693234887,51,51,0.22757276325702447,0.14004948834462844,0.3676222516016529,51,0.12134197320075546,0.8678369434463774,0.9891789166471329,51
DENSITY,"[""EDU"", ""INDP"", ""OWN_RENT"", ""PINCP_DECILE"", ""PUMA"", ""SEX"", ""WGTP""]",7,1.0,1.0,1.0,1.0,0.0,51,51,0.07004661989853167,0.9299533801014686,1.0000000000000002,51,0.07004661989853167,0.9299533801014686,1.0000000000000002,51
DEAR,"[""INDP_CAT"", ""NPF"", ""POVPIP"", ""PUMA"", ""PWGTP"", ""RAC1P"", ""SEX""]",7,0.05,1.0,1.0,1.0,0.9749947368975063,40,40,0.15121810630526125,0.013820667386148353,0.1650387736914096,40,0.08762160119728679,0.9123783988027134,1.0000000000000002,40
DREM,"[""MSP"", ""NOC"", ""PINCP"", ""POVPIP"", ""PUMA"", ""PWGTP"", ""WGTP""]",7,0.3111111111111111,0.8823529411764706,1.0,0.8823529411764706,0.8444345006337595,51,51,0.26136106313713414,0.19528699263653412,0.45664805577366824,45,0.0786515987328883,0.9213484012671117,1.0,45
DREM,"[""MSP"", ""NOC"", ""PINCP"", ""POVPIP"", ""PUMA"", ""PWGTP"", ""WGTP""]",7,0.3,0.9803921568627451,1.0,0.9803921568627451,0.849992846667124,51,51,0.2464679696357246,0.1910355350088095,0.4375035046445341,50,0.07134759913335886,0.9286524008666414,1.0000000000000002,50
DREM,"[""MSP"", ""NOC"", ""PINCP"", ""POVPIP"", ""PUMA"", ""PWGTP"", ""WGTP""]",7,0.3137254901960784,1.0,1.0,1.0,0.8431299692938368,51,51,0.24699321065168894,0.2032767846552545,0.45026999530694345,51,0.07004661989853167,0.9299533801014686,1.0000000000000002,51
